MouseID,BrainArea,Age,State,Tagging,Folder,Experiment,Protocol,Preprocessing,Sorting,Electrode,Notes
SC1,V1,8,Urethane,SST,G:\InVivo_SpikeSorting_V1,2019-03-29_12-10-01,Baseline,0,NaN,A1x32,
SC1,V1,8,Urethane,SST,G:\InVivo_SpikeSorting_V1,2019-03-29_12-32-57,Optotagging,0,NaN,A1x32,
SC1,V1,8,Urethane,SST,G:\InVivo_SpikeSorting_V1,2019-03-29_12-42-28,VisualFlash,0,NaN,A1x32,
SC1,V1,8,Urethane,SST,G:\InVivo_SpikeSorting_V1,2019-03-29_13-12-02,VisualFlash_Opto,0,NaN,A1x32,
SC1,V1,8,Urethane,SST,G:\InVivo_SpikeSorting_V1,2019-03-29_13-39-54,Baseline_Opto,0,NaN,A1x32,
SC1,V1,8,Urethane,SST,G:\InVivo_SpikeSorting_V1,2019-03-29_14-21-43,Optotagging,0,NaN,A1x32,
SC2,V1,14,Urethane,SST,G:\InVivo_SpikeSorting_V1,2019-04-04_12-31-02,Baseline,0,0,A1x32,
SC2,V1,14,Urethane,SST,G:\InVivo_SpikeSorting_V1,2019-04-04_12-58-43,Optotagging,0,0,A1x32,
SC2,V1,14,Urethane,SST,G:\InVivo_SpikeSorting_V1,2019-04-04_13-01-56,VisualFlash,0,0,A1x32,
SC2,V1,14,Urethane,SST,G:\InVivo_SpikeSorting_V1,2019-04-04_13-35-43,VisualFlash_Opto,0,0,A1x32,
SC2,V1,14,Urethane,SST,G:\InVivo_SpikeSorting_V1,2019-04-04_14-08-59,Optotagging,0,0,A1x32,
SC2,V1,14,Urethane,SST,G:\InVivo_SpikeSorting_V1,2019-04-04_14-11-43,Baseline_Opto,0,0,A1x32,
SC3,V1,18,Urethane,SST,G:\InVivo_SpikeSorting_V1,2019-04-30_12-28-35,Baseline,0,NaN,A1x32,
SC3,V1,18,Urethane,SST,G:\InVivo_SpikeSorting_V1,2019-04-30_12-52-56,Optotagging,0,NaN,A1x32,
SC3,V1,18,Urethane,SST,G:\InVivo_SpikeSorting_V1,2019-04-30_12-57-10,VisualFlash,0,NaN,A1x32,
SC3,V1,18,Urethane,SST,G:\InVivo_SpikeSorting_V1,2019-04-30_13-24-28,VisualFlash_Opto,0,NaN,A1x32,
SC3,V1,18,Urethane,SST,G:\InVivo_SpikeSorting_V1,2019-04-30_13-53-26,Optotagging,0,NaN,A1x32,
SC3,V1,18,Urethane,SST,G:\InVivo_SpikeSorting_V1,2019-04-30_13-56-32,Baseline_Opto,0,NaN,A1x32,
SC4,V1,18,Urethane,SST,G:\InVivo_SpikeSorting_V1,2019-04-30_15-16-15,Baseline,0,NaN,A1x32,
SC4,V1,18,Urethane,SST,G:\InVivo_SpikeSorting_V1,2019-04-30_15-36-04,Optotagging,0,NaN,A1x32,
SC4,V1,18,Urethane,SST,G:\InVivo_SpikeSorting_V1,2019-04-30_15-38-49,VisualFlash,0,NaN,A1x32,
SC4,V1,18,Urethane,SST,G:\InVivo_SpikeSorting_V1,2019-04-30_16-07-11,VisualFlash_Opto,0,NaN,A1x32,
SC4,V1,18,Urethane,SST,G:\InVivo_SpikeSorting_V1,2019-04-30_16-40-57,Optotagging,0,NaN,A1x32,
SC4,V1,18,Urethane,SST,G:\InVivo_SpikeSorting_V1,2019-04-30_16-43-39,Baseline_Opto,0,NaN,A1x32,
SC4,V1,18,Urethane,SST,G:\InVivo_SpikeSorting_V1,2019-04-30_17-02-11,VisualFlash_Opto,0,NaN,A1x32,
SC5,V1,10,Urethane,SST,G:\InVivo_SpikeSorting_V1,2019-05-01_11-35-07,Baseline,0,NaN,A1x32,
SC5,V1,10,Urethane,SST,G:\InVivo_SpikeSorting_V1,2019-05-01_11-55-11,Optotagging,0,NaN,A1x32,
SC5,V1,10,Urethane,SST,G:\InVivo_SpikeSorting_V1,2019-05-01_11-59-52,VisualFlash,0,NaN,A1x32,
SC5,V1,10,Urethane,SST,G:\InVivo_SpikeSorting_V1,2019-05-01_12-32-36,Optotagging,0,NaN,A1x32,
SC5,V1,10,Urethane,SST,G:\InVivo_SpikeSorting_V1,2019-05-01_12-37-48,VisualFlash_Opto,0,NaN,A1x32,
SC5,V1,10,Urethane,SST,G:\InVivo_SpikeSorting_V1,2019-05-01_13-14-55,Optotagging,0,NaN,A1x32,
SC5,V1,10,Urethane,SST,G:\InVivo_SpikeSorting_V1,2019-05-01_13-17-34,Baseline_Opto,0,NaN,A1x32,
SC6,V1,11,Urethane,SST,G:\InVivo_SpikeSorting_V1,2019-05-22_11-59-08,Baseline,0,0,A1x32,
SC6,V1,11,Urethane,SST,G:\InVivo_SpikeSorting_V1,2019-05-22_12-19-52,Optotagging,0,0,A1x32,
SC6,V1,11,Urethane,SST,G:\InVivo_SpikeSorting_V1,2019-05-22_12-26-37,VisualFlash,0,0,A1x32,
SC6,V1,11,Urethane,SST,G:\InVivo_SpikeSorting_V1,2019-05-22_12-58-25,VisualFlash_Opto,0,0,A1x32,
SC6,V1,11,Urethane,SST,G:\InVivo_SpikeSorting_V1,2019-05-22_13-50-04,Optotagging,0,0,A1x32,
SC6,V1,11,Urethane,SST,G:\InVivo_SpikeSorting_V1,2019-05-22_13-52-39,Baseline_Opto,0,0,A1x32,
SC7,V1,12,Urethane,SST,G:\InVivo_SpikeSorting_V1,2019-05-23_12-54-42,Baseline,0,NaN,A1x32,
SC7,V1,12,Urethane,SST,G:\InVivo_SpikeSorting_V1,2019-05-23_13-26-46,ComplexSession,0,NaN,A1x32,
SC7,V1,12,Urethane,SST,G:\InVivo_SpikeSorting_V1,2019-05-23_14-58-53,Baseline_Opto,0,NaN,A1x32,
SC8,V1,12,Urethane,SST,G:\InVivo_SpikeSorting_V1,2019-05-23_16-27-21,Baseline,0,0,A1x32,
SC8,V1,12,Urethane,SST,G:\InVivo_SpikeSorting_V1,2019-05-23_16-47-23,Optotagging,0,0,A1x32,
SC8,V1,12,Urethane,SST,G:\InVivo_SpikeSorting_V1,2019-05-23_16-50-26,VisualFlash,0,0,A1x32,
SC8,V1,12,Urethane,SST,G:\InVivo_SpikeSorting_V1,2019-05-23_17-17-33,VisualFlash_Opto,0,0,A1x32,
SC8,V1,12,Urethane,SST,G:\InVivo_SpikeSorting_V1,2019-05-23_17-49-57,Optotagging,0,0,A1x32,
SC8,V1,12,Urethane,SST,G:\InVivo_SpikeSorting_V1,2019-05-23_17-52-52,Baseline_Opto,0,0,A1x32,
SC9,V1,18,Urethane,SST,G:\InVivo_SpikeSorting_V1,2019-05-29_12-42-53,Baseline,0,0,A1x32,
SC9,V1,18,Urethane,SST,G:\InVivo_SpikeSorting_V1,2019-05-29_13-04-13,Optotagging,0,0,A1x32,
SC9,V1,18,Urethane,SST,G:\InVivo_SpikeSorting_V1,2019-05-29_13-07-05,VisualFlash,0,0,A1x32,
SC9,V1,18,Urethane,SST,G:\InVivo_SpikeSorting_V1,2019-05-29_13-34-52,VisualFlash_Opto,0,0,A1x32,
SC9,V1,18,Urethane,SST,G:\InVivo_SpikeSorting_V1,2019-05-29_14-04-45,Optotagging,0,0,A1x32,
SC9,V1,18,Urethane,SST,G:\InVivo_SpikeSorting_V1,2019-05-29_14-07-22,Baseline_Opto,0,0,A1x32,
SC10,V1,18,Urethane,SST,G:\InVivo_SpikeSorting_V1,2019-05-29_15-28-07,Baseline,0,0,A1x32,
SC10,V1,18,Urethane,SST,G:\InVivo_SpikeSorting_V1,2019-05-29_15-49-03,Optotagging,0,0,A1x32,
SC10,V1,18,Urethane,SST,G:\InVivo_SpikeSorting_V1,2019-05-29_15-51-41,VisualFlash,0,0,A1x32,
SC10,V1,18,Urethane,SST,G:\InVivo_SpikeSorting_V1,2019-05-29_16-20-48,VisualFlash_Opto,0,0,A1x32,
SC10,V1,18,Urethane,SST,G:\InVivo_SpikeSorting_V1,2019-05-29_16-48-51,Baseline_Opto,0,0,A1x32,
SC11,V1,8,Urethane,SST,G:\InVivo_SpikeSorting_V1,2019-07-01_11-40-40,Baseline,0,0,A1x32,
SC11,V1,8,Urethane,SST,G:\InVivo_SpikeSorting_V1,2019-07-01_12-06-53,VisualFlash,0,0,A1x32,
SC11,V1,8,Urethane,SST,G:\InVivo_SpikeSorting_V1,2019-07-01_12-41-26,Optotagging,0,0,A1x32,
SC11,V1,8,Urethane,SST,G:\InVivo_SpikeSorting_V1,2019-07-01_13-17-10,VisualFlash_Opto,0,0,A1x32,
SC11,V1,8,Urethane,SST,G:\InVivo_SpikeSorting_V1,2019-07-01_13-45-35,Optotagging,0,0,A1x32,
SC11,V1,8,Urethane,SST,G:\InVivo_SpikeSorting_V1,2019-07-01_13-48-13,Baseline_Opto,0,0,A1x32,
SC12,V1,8,Urethane,SST,G:\InVivo_SpikeSorting_V1,2019-07-01_15-30-55,Baseline,0,NaN,A1x32,
SC12,V1,8,Urethane,SST,G:\InVivo_SpikeSorting_V1,2019-07-01_15-52-15,Optotagging,0,NaN,A1x32,
SC12,V1,8,Urethane,SST,G:\InVivo_SpikeSorting_V1,2019-07-01_15-57-46,VisualFlash,0,NaN,A1x32,
SC12,V1,8,Urethane,SST,G:\InVivo_SpikeSorting_V1,2019-07-01_16-25-38,VisualFlash_Opto,0,NaN,A1x32,
SC12,V1,8,Urethane,SST,G:\InVivo_SpikeSorting_V1,2019-07-01_16-53-17,Optotagging,0,NaN,A1x32,
SC12,V1,8,Urethane,SST,G:\InVivo_SpikeSorting_V1,2019-07-01_16-55-52,Baseline_Opto,0,NaN,A1x32,
SC13,V1,12,Urethane,SST,G:\InVivo_SpikeSorting_V1,2019-07-30_11-46-24,Baseline,0,NaN,A1x32,
SC13,V1,12,Urethane,SST,G:\InVivo_SpikeSorting_V1,2019-07-30_12-09-59,VisualFlash_Opto,0,NaN,A1x32,
SC13,V1,12,Urethane,SST,G:\InVivo_SpikeSorting_V1,2019-07-30_12-38-50,Optotagging,0,NaN,A1x32,
SC13,V1,12,Urethane,SST,G:\InVivo_SpikeSorting_V1,2019-07-30_12-43-01,Baseline_Opto,0,NaN,A1x32,
SC14,V1,12,Urethane,SST,G:\InVivo_SpikeSorting_V1,2019-07-30_14-43-23,Baseline,0,0,A1x32,
SC14,V1,12,Urethane,SST,G:\InVivo_SpikeSorting_V1,2019-07-30_15-03-40,Optotagging,0,0,A1x32,
SC14,V1,12,Urethane,SST,G:\InVivo_SpikeSorting_V1,2019-07-30_15-06-20,VisualFlash_Opto,0,0,A1x32,
SC14,V1,12,Urethane,SST,G:\InVivo_SpikeSorting_V1,2019-07-30_15-35-30,Optotagging,0,0,A1x32,
SC14,V1,12,Urethane,SST,G:\InVivo_SpikeSorting_V1,2019-07-30_15-38-11,Baseline_Opto,0,0,A1x32,
SC15,V1,12,Urethane,SST,G:\InVivo_SpikeSorting_V1,2019-07-30_16-57-07,Baseline,0,NaN,A1x32,
SC15,V1,12,Urethane,SST,G:\InVivo_SpikeSorting_V1,2019-07-30_17-17-23,Optotagging,0,NaN,A1x32,
SC15,V1,12,Urethane,SST,G:\InVivo_SpikeSorting_V1,2019-07-30_17-20-02,VisualFlash_Opto,0,NaN,A1x32,
SC15,V1,12,Urethane,SST,G:\InVivo_SpikeSorting_V1,2019-07-30_17-47-09,Optotagging,0,NaN,A1x32,
SC18,V1,13,Urethane,SST,G:\InVivo_SpikeSorting_V1,2019-10-01_12-24-50,Baseline,0,0,A1x32,
SC18,V1,13,Urethane,SST,G:\InVivo_SpikeSorting_V1,2019-10-01_12-42-50,VisualFlash_Opto,0,0,A1x32,
SC18,V1,13,Urethane,SST,G:\InVivo_SpikeSorting_V1,2019-10-01_13-14-18,Optotagging,0,0,A1x32,
SC18,V1,13,Urethane,SST,G:\InVivo_SpikeSorting_V1,2019-10-01_13-17-53,Baseline_Opto,0,0,A1x32,
SC18,V1,13,Urethane,SST,G:\InVivo_SpikeSorting_V1,2019-10-01_13-37-22,Optotagging,0,0,A1x32,
SC19,V1,13,Urethane,SST,G:\InVivo_SpikeSorting_V1,2019-10-01_15-26-29,Baseline,0,NaN,A1x32,
SC19,V1,13,Urethane,SST,G:\InVivo_SpikeSorting_V1,2019-10-01_15-47-46,VisualFlash_Opto,0,NaN,A1x32,
SC19,V1,13,Urethane,SST,G:\InVivo_SpikeSorting_V1,2019-10-01_16-16-47,Optotagging,0,NaN,A1x32,
SC19,V1,13,Urethane,SST,G:\InVivo_SpikeSorting_V1,2019-10-01_16-19-23,Baseline_Opto,0,NaN,A1x32,
SC19,V1,13,Urethane,SST,G:\InVivo_SpikeSorting_V1,2019-10-01_16-38-52,Optotagging,0,NaN,A1x32,
SC20,V1,14,Urethane,SST,G:\InVivo_SpikeSorting_V1,2019-10-02_11-49-43,Baseline,0,0,A1x32,
SC20,V1,14,Urethane,SST,G:\InVivo_SpikeSorting_V1,2019-10-02_12-11-34,VisualFlash_Opto,0,0,A1x32,
SC20,V1,14,Urethane,SST,G:\InVivo_SpikeSorting_V1,2019-10-02_12-57-19,Optotagging,0,0,A1x32,
SC20,V1,14,Urethane,SST,G:\InVivo_SpikeSorting_V1,2019-10-02_13-03-00,Baseline_Opto,0,0,A1x32,
SC20,V1,14,Urethane,SST,G:\InVivo_SpikeSorting_V1,2019-10-02_13-21-42,Optotagging,0,0,A1x32,
SC21,V1,14,Urethane,SST,G:\InVivo_SpikeSorting_V1,2019-10-02_14-56-29,Baseline,0,0,A1x32,
SC21,V1,14,Urethane,SST,G:\InVivo_SpikeSorting_V1,2019-10-02_15-17-57,Optotagging,0,0,A1x32,
SC21,V1,14,Urethane,SST,G:\InVivo_SpikeSorting_V1,2019-10-02_15-21-00,VisualFlash,0,0,A1x32,
SC21,V1,14,Urethane,SST,G:\InVivo_SpikeSorting_V1,2019-10-02_15-45-39,Optotagging,0,0,A1x32,
SC21,V1,14,Urethane,SST,G:\InVivo_SpikeSorting_V1,2019-10-02_15-48-10,VisualFlash_Opto,0,0,A1x32,
SC21,V1,14,Urethane,SST,G:\InVivo_SpikeSorting_V1,2019-10-02_16-17-01,Optotagging,0,0,A1x32,
SC21,V1,14,Urethane,SST,G:\InVivo_SpikeSorting_V1,2019-10-02_16-20-56,Baseline_Opto,0,0,A1x32,
SC22,V1,15,Urethane,SST,G:\InVivo_SpikeSorting_V1,2019-10-03_11-41-08,Failed,0,0,A1x32,
SC22,V1,15,Urethane,SST,G:\InVivo_SpikeSorting_V1,2019-10-03_11-59-17,Baseline,0,0,A1x32,
SC22,V1,15,Urethane,SST,G:\InVivo_SpikeSorting_V1,2019-10-03_12-23-45,VisualFlash_Opto,0,0,A1x32,
SC22,V1,15,Urethane,SST,G:\InVivo_SpikeSorting_V1,2019-10-03_12-58-34,Failed,0,0,A1x32,
SC22,V1,15,Urethane,SST,G:\InVivo_SpikeSorting_V1,2019-10-03_13-02-24,Failed,0,0,A1x32,
SC22,V1,15,Urethane,SST,G:\InVivo_SpikeSorting_V1,2019-10-03_13-04-40,Optotagging,0,0,A1x32,
SC22,V1,15,Urethane,SST,G:\InVivo_SpikeSorting_V1,2019-10-03_13-09-50,Baseline_Opto,0,0,A1x32,
SC22,V1,15,Urethane,SST,G:\InVivo_SpikeSorting_V1,2019-10-03_13-28-55,Optotagging,0,0,A1x32,
SC22,V1,15,Urethane,SST,G:\InVivo_SpikeSorting_V1,2019-10-03_13-46-41,Failed,0,0,A1x32,
SC23,V1,15,Urethane,SST,G:\InVivo_SpikeSorting_V1,2019-10-03_15-46-16,Baseline,0,0,A1x32,
SC23,V1,15,Urethane,SST,G:\InVivo_SpikeSorting_V1,2019-10-03_16-06-55,VisualFlash_Opto,0,0,A1x32,
SC23,V1,15,Urethane,SST,G:\InVivo_SpikeSorting_V1,2019-10-03_16-36-39,Optotagging,0,0,A1x32,
SC23,V1,15,Urethane,SST,G:\InVivo_SpikeSorting_V1,2019-10-03_16-39-43,Baseline_Opto,0,0,A1x32,
SC23,V1,15,Urethane,SST,G:\InVivo_SpikeSorting_V1,2019-10-03_16-59-17,Optotagging,0,0,A1x32,
SC24,V1,7,Urethane,SST,G:\InVivo_SpikeSorting_V1,2020-02-14_12-28-36,Baseline,0,NaN,A1x32,
SC24,V1,7,Urethane,SST,G:\InVivo_SpikeSorting_V1,2020-02-14_13-01-40,Optotagging,0,NaN,A1x32,
SC24,V1,7,Urethane,SST,G:\InVivo_SpikeSorting_V1,2020-02-14_13-06-13,VisualFlash_Opto,0,NaN,A1x32,
SC24,V1,7,Urethane,SST,G:\InVivo_SpikeSorting_V1,2020-02-14_13-47-51,Optotagging,0,NaN,A1x32,
SC24,V1,7,Urethane,SST,G:\InVivo_SpikeSorting_V1,2020-02-14_13-50-27,Optotagging,0,NaN,A1x32,
SC25,V1,7,Urethane,SST,G:\InVivo_SpikeSorting_V1,2020-02-14_15-31-50,Baseline,0,NaN,A1x32,
SC25,V1,7,Urethane,SST,G:\InVivo_SpikeSorting_V1,2020-02-14_16-02-14,Optotagging,0,NaN,A1x32,
SC25,V1,7,Urethane,SST,G:\InVivo_SpikeSorting_V1,2020-02-14_16-04-58,Optotagging,0,NaN,A1x32,
SC25,V1,7,Urethane,SST,G:\InVivo_SpikeSorting_V1,2020-02-14_16-16-28,VisualFlash_Opto,0,NaN,A1x32,
SC25,V1,7,Urethane,SST,G:\InVivo_SpikeSorting_V1,2020-02-14_16-57-56,Optotagging,0,NaN,A1x32,
SC25,V1,7,Urethane,SST,G:\InVivo_SpikeSorting_V1,2020-02-14_17-00-35,Optotagging,0,NaN,A1x32,
SC26,V1,12,Urethane,SST,G:\InVivo_SpikeSorting_V1,2020-02-19_12-40-58,Baseline,0,0,A1x32,
SC26,V1,12,Urethane,SST,G:\InVivo_SpikeSorting_V1,2020-02-19_13-15-42,Optotagging,0,0,A1x32,
SC26,V1,12,Urethane,SST,G:\InVivo_SpikeSorting_V1,2020-02-19_13-18-28,VisualFlash_Opto,0,0,A1x32,
SC26,V1,12,Urethane,SST,G:\InVivo_SpikeSorting_V1,2020-02-19_14-07-11,Optotagging,0,0,A1x32,
SC26,V1,12,Urethane,SST,G:\InVivo_SpikeSorting_V1,2020-02-19_14-09-48,Optotagging,0,0,A1x32,
SC27,V1,12,Urethane,SST,G:\InVivo_SpikeSorting_V1,2020-02-19_15-56-05,Baseline,0,NaN,A1x32,
SC27,V1,12,Urethane,SST,G:\InVivo_SpikeSorting_V1,2020-02-19_16-27-33,Optotagging,0,NaN,A1x32,
SC27,V1,12,Urethane,SST,G:\InVivo_SpikeSorting_V1,2020-02-19_16-32-31,VisualFlash_Opto,0,NaN,A1x32,
SC27,V1,12,Urethane,SST,G:\InVivo_SpikeSorting_V1,2020-02-19_17-15-23,Optotagging,0,NaN,A1x32,
SC27,V1,12,Urethane,SST,G:\InVivo_SpikeSorting_V1,2020-02-19_17-17-58,Optotagging,0,NaN,A1x32,
SC28,V1,17,Urethane,SST,G:\InVivo_SpikeSorting_V1,2020-02-24_12-56-12,Baseline,0,0,A1x32,
SC28,V1,17,Urethane,SST,G:\InVivo_SpikeSorting_V1,2020-02-24_13-20-31,Optotagging,0,0,A1x32,
SC28,V1,17,Urethane,SST,G:\InVivo_SpikeSorting_V1,2020-02-24_13-23-01,VisualFlash_Opto,0,0,A1x32,
SC28,V1,17,Urethane,SST,G:\InVivo_SpikeSorting_V1,2020-02-24_14-05-27,Optotagging,0,0,A1x32,
SC28,V1,17,Urethane,SST,G:\InVivo_SpikeSorting_V1,2020-02-24_14-08-00,Optotagging,0,0,A1x32,
SC28,V1,17,Urethane,SST,G:\InVivo_SpikeSorting_V1,2020-02-24_14-10-34,VisualFlash,0,0,A1x32,
SC29,V1,18,Urethane,SST,G:\InVivo_SpikeSorting_V1,2020-02-25_12-33-00,Baseline,0,NaN,A1x32,
SC29,V1,18,Urethane,SST,G:\InVivo_SpikeSorting_V1,2020-02-25_13-04-28,Optotagging,0,NaN,A1x32,
SC29,V1,18,Urethane,SST,G:\InVivo_SpikeSorting_V1,2020-02-25_13-12-43,VisualFlash_Opto,0,NaN,A1x32,
SC29,V1,18,Urethane,SST,G:\InVivo_SpikeSorting_V1,2020-02-25_14-03-09,Optotagging,0,NaN,A1x32,
SC29,V1,18,Urethane,SST,G:\InVivo_SpikeSorting_V1,2020-02-25_14-06-00,Optotagging,0,NaN,A1x32,
SC29,V1,18,Urethane,SST,G:\InVivo_SpikeSorting_V1,2020-02-25_14-08-58,VisualFlash,0,NaN,A1x32,
SC30,V1,18,Urethane,SST,G:\InVivo_SpikeSorting_V1,2020-02-25_16-00-23,Baseline,0,0,A1x32,
SC30,V1,18,Urethane,SST,G:\InVivo_SpikeSorting_V1,2020-02-25_16-31-04,Optotagging,0,0,A1x32,
SC30,V1,18,Urethane,SST,G:\InVivo_SpikeSorting_V1,2020-02-25_16-33-38,VisualFlash_Opto,0,0,A1x32,
SC30,V1,18,Urethane,SST,G:\InVivo_SpikeSorting_V1,2020-02-25_17-16-37,Optotagging,0,0,A1x32,
SC30,V1,18,Urethane,SST,G:\InVivo_SpikeSorting_V1,2020-02-25_17-20-05,Optotagging,0,0,A1x32,
SC30,V1,18,Urethane,SST,G:\InVivo_SpikeSorting_V1,2020-02-25_17-22-52,VisualFlash,0,0,A1x32,
SC31,V1,6,Urethane,SST,G:\InVivo_SpikeSorting_V1,2020-03-06_12-02-22,Baseline,0,0,A1x32,
SC31,V1,6,Urethane,SST,G:\InVivo_SpikeSorting_V1,2020-03-06_12-32-53,Optotagging,0,0,A1x32,
SC31,V1,6,Urethane,SST,G:\InVivo_SpikeSorting_V1,2020-03-06_12-35-52,VisualFlash_Opto,0,0,A1x32,
SC31,V1,6,Urethane,SST,G:\InVivo_SpikeSorting_V1,2020-03-06_13-26-55,Optotagging,0,0,A1x32,
SC31,V1,6,Urethane,SST,G:\InVivo_SpikeSorting_V1,2020-03-06_13-29-37,Optotagging,0,0,A1x32,
SC31,V1,6,Urethane,SST,G:\InVivo_SpikeSorting_V1,2020-03-06_13-36-28,VisualFlash,0,0,A1x32,
SC32,V1,6,Urethane,SST,G:\InVivo_SpikeSorting_V1,2020-03-06_15-33-48,Baseline,0,0,A1x32,
SC32,V1,6,Urethane,SST,G:\InVivo_SpikeSorting_V1,2020-03-06_16-05-27,Optotagging,0,0,A1x32,
SC32,V1,6,Urethane,SST,G:\InVivo_SpikeSorting_V1,2020-03-06_16-08-10,VisualFlash_Opto,0,0,A1x32,
SC32,V1,6,Urethane,SST,G:\InVivo_SpikeSorting_V1,2020-03-06_16-50-21,Optotagging,0,0,A1x32,
SC32,V1,6,Urethane,SST,G:\InVivo_SpikeSorting_V1,2020-03-06_16-53-18,Optotagging,0,0,A1x32,
SC32,V1,6,Urethane,SST,G:\InVivo_SpikeSorting_V1,2020-03-06_16-55-59,VisualFlash,0,0,A1x32,
SC33,V1,9,Urethane,SST,G:\InVivo_SpikeSorting_V1,2020-03-09_12-30-27,Baseline,0,0,A1x32,
SC33,V1,9,Urethane,SST,G:\InVivo_SpikeSorting_V1,2020-03-09_13-00-34,Optotagging,0,0,A1x32,
SC33,V1,9,Urethane,SST,G:\InVivo_SpikeSorting_V1,2020-03-09_13-04-11,Failed,0,0,A1x32,
SC33,V1,9,Urethane,SST,G:\InVivo_SpikeSorting_V1,2020-03-09_13-06-17,VisualFlash_Opto,0,0,A1x32,
SC33,V1,9,Urethane,SST,G:\InVivo_SpikeSorting_V1,2020-03-09_13-48-28,Optotagging,0,0,A1x32,
SC33,V1,9,Urethane,SST,G:\InVivo_SpikeSorting_V1,2020-03-09_13-52-28,Failed,0,0,A1x32,
SC33,V1,9,Urethane,SST,G:\InVivo_SpikeSorting_V1,2020-03-09_13-54-03,Optotagging,0,0,A1x32,
SC33,V1,9,Urethane,SST,G:\InVivo_SpikeSorting_V1,2020-03-09_13-58-56,VisualFlash,0,0,A1x32,
SC34,V1,10,Urethane,SST,G:\InVivo_SpikeSorting_V1,2020-03-10_12-04-10,Failed,0,0,A1x32,
SC34,V1,10,Urethane,SST,G:\InVivo_SpikeSorting_V1,2020-03-10_12-06-18,Baseline,0,0,A1x32,
SC34,V1,10,Urethane,SST,G:\InVivo_SpikeSorting_V1,2020-03-10_12-47-20,Optotagging,0,0,A1x32,
SC34,V1,10,Urethane,SST,G:\InVivo_SpikeSorting_V1,2020-03-10_12-53-31,VisualFlash_Opto,0,0,A1x32,
SC34,V1,10,Urethane,SST,G:\InVivo_SpikeSorting_V1,2020-03-10_13-35-49,Optotagging,0,0,A1x32,
SC34,V1,10,Urethane,SST,G:\InVivo_SpikeSorting_V1,2020-03-10_13-38-37,Optotagging,0,0,A1x32,
SC34,V1,10,Urethane,SST,G:\InVivo_SpikeSorting_V1,2020-03-10_13-41-51,VisualFlash,0,0,A1x32,
SC35,V1,10,Urethane,SST,G:\InVivo_SpikeSorting_V1,2020-03-10_15-38-30,Baseline,0,0,A1x32,
SC35,V1,10,Urethane,SST,G:\InVivo_SpikeSorting_V1,2020-03-10_16-11-47,Optotagging,0,0,A1x32,
SC35,V1,10,Urethane,SST,G:\InVivo_SpikeSorting_V1,2020-03-10_16-15-21,VisualFlash_Opto,0,0,A1x32,
SC35,V1,10,Urethane,SST,G:\InVivo_SpikeSorting_V1,2020-03-10_16-57-41,Failed,0,0,A1x32,
SC35,V1,10,Urethane,SST,G:\InVivo_SpikeSorting_V1,2020-03-10_17-01-19,Optotagging,0,0,A1x32,
SC35,V1,10,Urethane,SST,G:\InVivo_SpikeSorting_V1,2020-03-10_17-04-07,Optotagging,0,0,A1x32,
SC35,V1,10,Urethane,SST,G:\InVivo_SpikeSorting_V1,2020-03-10_17-06-35,VisualFlash,0,0,A1x32,
SC35,V1,10,Urethane,SST,G:\InVivo_SpikeSorting_V1,2020-03-10_17-20-35,VisualFlash,0,0,A1x32,
SC36,V1,11,Urethane,SST,G:\InVivo_SpikeSorting_V1,2020-03-11_12-56-15,Baseline,0,0,A1x32,
SC36,V1,11,Urethane,SST,G:\InVivo_SpikeSorting_V1,2020-03-11_13-39-39,Optotagging,0,0,A1x32,
SC36,V1,11,Urethane,SST,G:\InVivo_SpikeSorting_V1,2020-03-11_13-42-27,Failed,0,0,A1x32,
SC36,V1,11,Urethane,SST,G:\InVivo_SpikeSorting_V1,2020-03-11_13-45-07,VisualFlash_Opto,0,0,A1x32,
SC36,V1,11,Urethane,SST,G:\InVivo_SpikeSorting_V1,2020-03-11_14-26-52,Optotagging,0,0,A1x32,
SC36,V1,11,Urethane,SST,G:\InVivo_SpikeSorting_V1,2020-03-11_14-31-22,VisualFlash,0,0,A1x32,
SC37,V1,11,Urethane,SST,G:\InVivo_SpikeSorting_V1,2020-03-11_16-41-59,Baseline,0,0,A1x32,
SC37,V1,11,Urethane,SST,G:\InVivo_SpikeSorting_V1,2020-03-11_17-12-11,Optotagging,0,0,A1x32,
SC37,V1,11,Urethane,SST,G:\InVivo_SpikeSorting_V1,2020-03-11_17-14-51,VisualFlash_Opto,0,0,A1x32,
SC37,V1,11,Urethane,SST,G:\InVivo_SpikeSorting_V1,2020-03-11_17-56-16,Optotagging,0,0,A1x32,
SC38,V1,12,Urethane,SST,G:\InVivo_SpikeSorting_V1,2020-10-15_13-21-25,Baseline,0,0,OA1x32,
SC38,V1,12,Urethane,SST,G:\InVivo_SpikeSorting_V1,2020-10-15_14-01-12,Optotagging,0,0,OA1x32,
SC38,V1,12,Urethane,SST,G:\InVivo_SpikeSorting_V1,2020-10-15_14-09-54,VisualFlash_Opto,0,0,OA1x32,
SC38,V1,12,Urethane,SST,G:\InVivo_SpikeSorting_V1,2020-10-15_15-29-02,Optotagging,0,0,OA1x32,
SC39,V1,12,Urethane,SST,G:\InVivo_SpikeSorting_V1,2020-10-15_16-41-26,Baseline,0,0,OA1x32,
SC39,V1,12,Urethane,SST,G:\InVivo_SpikeSorting_V1,2020-10-15_17-21-33,Optotagging,0,0,OA1x32,
SC39,V1,12,Urethane,SST,G:\InVivo_SpikeSorting_V1,2020-10-15_17-25-47,VisualFlash_Opto,0,0,OA1x32,
SC39,V1,12,Urethane,SST,G:\InVivo_SpikeSorting_V1,2020-10-15_18-07-15,Optotagging,0,0,OA1x32,
SC40,V1,11,Urethane,SST,G:\InVivo_SpikeSorting_V1,2020-11-20_12-02-13,Baseline,0,0,A1x32,
SC40,V1,11,Urethane,SST,G:\InVivo_SpikeSorting_V1,2020-11-20_12-41-53,Failed,0,0,A1x32,
SC40,V1,11,Urethane,SST,G:\InVivo_SpikeSorting_V1,2020-11-20_12-42-38,Optotagging,0,0,A1x32,
SC40,V1,11,Urethane,SST,G:\InVivo_SpikeSorting_V1,2020-11-20_12-48-15,VisualFlash_Opto,0,0,A1x32,
SC40,V1,11,Urethane,SST,G:\InVivo_SpikeSorting_V1,2020-11-20_13-31-42,Optotagging,0,0,A1x32,
SC41,V1,11,Urethane,SST,G:\InVivo_SpikeSorting_V1,2020-11-20_12-33-22,Baseline,0,0,OA1x32,
SC41,V1,11,Urethane,SST,G:\InVivo_SpikeSorting_V1,2020-11-20_13-05-25,Optotagging,0,0,OA1x32,
SC41,V1,11,Urethane,SST,G:\InVivo_SpikeSorting_V1,2020-11-20_13-09-39,VisualFlash_Opto,0,0,OA1x32,
SC41,V1,11,Urethane,SST,G:\InVivo_SpikeSorting_V1,2020-11-20_13-53-10,Optotagging,0,0,OA1x32,
SC42,V1,11,Urethane,SST,G:\InVivo_SpikeSorting_V1,2020-11-20_15-10-06,Baseline,0,0,A1x32,
SC42,V1,11,Urethane,SST,G:\InVivo_SpikeSorting_V1,2020-11-20_15-48-17,Optotagging,0,0,A1x32,
SC42,V1,11,Urethane,SST,G:\InVivo_SpikeSorting_V1,2020-11-20_15-52-27,VisualFlash_Opto,0,0,A1x32,
SC42,V1,11,Urethane,SST,G:\InVivo_SpikeSorting_V1,2020-11-20_16-39-34,Optotagging,0,0,A1x32,
NK3,V1,13,Urethane,Nkx2-1,G:\InVivo_SpikeSorting_V1,2020-09-08_12-26-05,Baseline,0,NaN,OA1x32,
NK3,V1,13,Urethane,Nkx2-1,G:\InVivo_SpikeSorting_V1,2020-09-08_12-47-58,Optotagging,0,NaN,OA1x32,
NK3,V1,13,Urethane,Nkx2-1,G:\InVivo_SpikeSorting_V1,2020-09-08_12-52-55,Optotagging,0,NaN,OA1x32,
NK3,V1,13,Urethane,Nkx2-1,G:\InVivo_SpikeSorting_V1,2020-09-08_13-02-49,VisualFlash_Opto,0,NaN,OA1x32,
NK3,V1,13,Urethane,Nkx2-1,G:\InVivo_SpikeSorting_V1,2020-09-08_13-45-54,Optotagging,0,NaN,OA1x32,
NK4,V1,13,Urethane,Nkx2-1,G:\InVivo_SpikeSorting_V1,2020-09-08_15-19-49,Failed,0,0,OA1x32,
NK4,V1,13,Urethane,Nkx2-1,G:\InVivo_SpikeSorting_V1,2020-09-08_15-20-28,Baseline,0,0,OA1x32,
NK4,V1,13,Urethane,Nkx2-1,G:\InVivo_SpikeSorting_V1,2020-09-08_15-44-43,Optotagging,0,0,OA1x32,
NK4,V1,13,Urethane,Nkx2-1,G:\InVivo_SpikeSorting_V1,2020-09-08_16-02-21,VisualFlash_Opto,0,0,OA1x32,
NK4,V1,13,Urethane,Nkx2-1,G:\InVivo_SpikeSorting_V1,2020-09-08_17-01-58,Optotagging,0,0,OA1x32,
NK5,V1,14,Urethane,Nkx2-1,G:\InVivo_SpikeSorting_V1,2020-09-09_12-16-15,Baseline,0,0,OA1x32,
NK5,V1,14,Urethane,Nkx2-1,G:\InVivo_SpikeSorting_V1,2020-09-09_12-36-22,Optotagging,0,0,OA1x32,
NK5,V1,14,Urethane,Nkx2-1,G:\InVivo_SpikeSorting_V1,2020-09-09_12-40-35,Optotagging,0,0,OA1x32,
NK5,V1,14,Urethane,Nkx2-1,G:\InVivo_SpikeSorting_V1,2020-09-09_12-43-06,VisualFlash_Opto,0,0,OA1x32,
NK5,V1,14,Urethane,Nkx2-1,G:\InVivo_SpikeSorting_V1,2020-09-09_13-31-25,Optotagging,0,0,OA1x32,
NK6,V1,14,Urethane,Nkx2-1,G:\InVivo_SpikeSorting_V1,2020-09-09_14-25-59,Baseline,0,NaN,OA1x32,
NK6,V1,14,Urethane,Nkx2-1,G:\InVivo_SpikeSorting_V1,2020-09-09_14-46-26,Optotagging,0,NaN,OA1x32,
NK6,V1,14,Urethane,Nkx2-1,G:\InVivo_SpikeSorting_V1,2020-09-09_14-50-42,Optotagging,0,NaN,OA1x32,
NK7,V1,14,Urethane,Nkx2-1,G:\InVivo_SpikeSorting_V1,2020-09-09_15-37-38,Baseline,0,NaN,OA1x32,
NK7,V1,14,Urethane,Nkx2-1,G:\InVivo_SpikeSorting_V1,2020-09-09_15-58-11,Optotagging,0,NaN,OA1x32,
NK7,V1,14,Urethane,Nkx2-1,G:\InVivo_SpikeSorting_V1,2020-09-09_16-08-11,Optotagging_Ramp,0,NaN,OA1x32,
NK7,V1,14,Urethane,Nkx2-1,G:\InVivo_SpikeSorting_V1,2020-09-09_16-23-09,VisualFlash_Opto,0,NaN,OA1x32,
NK7,V1,14,Urethane,Nkx2-1,G:\InVivo_SpikeSorting_V1,2020-09-09_17-34-09,Optotagging,0,NaN,OA1x32,
NK30,V1,17,Urethane,Nkx2-1,G:\InVivo_SpikeSorting_V1,2020-10-29_15-28-56,Baseline,0,0,OA1x32,
NK30,V1,17,Urethane,Nkx2-1,G:\InVivo_SpikeSorting_V1,2020-10-29_16-17-38,Optotagging,0,0,OA1x32,
NK30,V1,17,Urethane,Nkx2-1,G:\InVivo_SpikeSorting_V1,2020-10-29_16-21-45,VisualFlash_Opto,0,0,OA1x32,
NK30,V1,17,Urethane,Nkx2-1,G:\InVivo_SpikeSorting_V1,2020-10-29_17-03-08,Optotagging,0,0,OA1x32,
NK29,V1,17,Urethane,Nkx2-1,G:\InVivo_SpikeSorting_V1,2020-10-29_14-05-31,Baseline,0,0,A1x32,
NK29,V1,17,Urethane,Nkx2-1,G:\InVivo_SpikeSorting_V1,2020-10-29_14-39-45,Failed,0,0,A1x32,
NK29,V1,17,Urethane,Nkx2-1,G:\InVivo_SpikeSorting_V1,2020-10-29_14-40-42,Optotagging,0,0,A1x32,
NK29,V1,17,Urethane,Nkx2-1,G:\InVivo_SpikeSorting_V1,2020-10-29_14-45-37,VisualFlash_Opto,0,0,A1x32,
NK29,V1,17,Urethane,Nkx2-1,G:\InVivo_SpikeSorting_V1,2020-10-29_15-28-01,Optotagging,0,0,A1x32,
NK28,V1,17,Urethane,Nkx2-1,G:\InVivo_SpikeSorting_V1,2020-10-29_12-19-43,Baseline,0,0,OA1x32,
NK28,V1,17,Urethane,Nkx2-1,G:\InVivo_SpikeSorting_V1,2020-10-29_12-52-44,Optotagging,0,0,OA1x32,
NK28,V1,17,Urethane,Nkx2-1,G:\InVivo_SpikeSorting_V1,2020-10-29_12-56-54,VisualFlash_Opto,0,0,OA1x32,
NK28,V1,17,Urethane,Nkx2-1,G:\InVivo_SpikeSorting_V1,2020-10-29_13-39-48,Optotagging,0,0,OA1x32,
NK26,V1,16,Urethane,Nkx2-1,G:\InVivo_SpikeSorting_V1,2020-10-28_16-44-06,Baseline,0,0,A1x32,
NK26,V1,16,Urethane,Nkx2-1,G:\InVivo_SpikeSorting_V1,2020-10-28_17-06-18,Optotagging,0,0,A1x32,
NK26,V1,16,Urethane,Nkx2-1,G:\InVivo_SpikeSorting_V1,2020-10-28_17-10-24,VisualFlash_Opto,0,0,A1x32,
NK26,V1,16,Urethane,Nkx2-1,G:\InVivo_SpikeSorting_V1,2020-10-28_17-54-10,Optotagging,0,0,A1x32,
NK25,V1,16,Urethane,Nkx2-1,G:\InVivo_SpikeSorting_V1,2020-10-28_15-47-08,Baseline,0,0,OA1x32,
NK25,V1,16,Urethane,Nkx2-1,G:\InVivo_SpikeSorting_V1,2020-10-28_16-17-12,Optotagging,0,0,OA1x32,
NK25,V1,16,Urethane,Nkx2-1,G:\InVivo_SpikeSorting_V1,2020-10-28_16-22-00,VisualFlash_Opto,0,0,OA1x32,
NK25,V1,16,Urethane,Nkx2-1,G:\InVivo_SpikeSorting_V1,2020-10-28_17-07-05,Optotagging,0,0,OA1x32,
NK23,V1,16,Urethane,Nkx2-1,G:\InVivo_SpikeSorting_V1,2020-10-28_12-27-36,Baseline,0,0,OA1x32,
NK23,V1,16,Urethane,Nkx2-1,G:\InVivo_SpikeSorting_V1,2020-10-28_13-00-45,Optotagging,0,0,OA1x32,
NK23,V1,16,Urethane,Nkx2-1,G:\InVivo_SpikeSorting_V1,2020-10-28_13-05-06,VisualFlash_Opto,0,0,OA1x32,
NK23,V1,16,Urethane,Nkx2-1,G:\InVivo_SpikeSorting_V1,2020-10-28_13-51-24,Optotagging,0,0,OA1x32,
NK21,V1,11,Urethane,Nkx2-1,G:\InVivo_SpikeSorting_V1,2020-10-23_13-21-00,Baseline,0,0,OA1x32,
NK21,V1,11,Urethane,Nkx2-1,G:\InVivo_SpikeSorting_V1,2020-10-23_13-59-31,Optotagging,0,0,OA1x32,
NK21,V1,11,Urethane,Nkx2-1,G:\InVivo_SpikeSorting_V1,2020-10-23_14-03-49,VisualFlash_Opto,0,0,OA1x32,
NK21,V1,11,Urethane,Nkx2-1,G:\InVivo_SpikeSorting_V1,2020-10-23_14-45-31,Optotagging,0,0,OA1x32,
NK18,V1,10,Urethane,Nkx2-1,G:\InVivo_SpikeSorting_V1,2020-10-22_14-26-22,Baseline,0,0,OA1x32,
NK18,V1,10,Urethane,Nkx2-1,G:\InVivo_SpikeSorting_V1,2020-10-22_14-59-58,Optotagging,0,0,OA1x32,
NK18,V1,10,Urethane,Nkx2-1,G:\InVivo_SpikeSorting_V1,2020-10-22_15-04-11,VisualFlash_Opto,0,0,OA1x32,
NK18,V1,10,Urethane,Nkx2-1,G:\InVivo_SpikeSorting_V1,2020-10-22_15-46-46,Optotagging,0,0,OA1x32,
NK17,V1,10,Urethane,Nkx2-1,G:\InVivo_SpikeSorting_V1,2020-10-22_11-44-28,Baseline,0,0,OA1x32,
NK17,V1,10,Urethane,Nkx2-1,G:\InVivo_SpikeSorting_V1,2020-10-22_12-14-57,Optotagging,0,0,OA1x32,
NK17,V1,10,Urethane,Nkx2-1,G:\InVivo_SpikeSorting_V1,2020-10-22_12-19-32,Failed,0,0,OA1x32,
NK17,V1,10,Urethane,Nkx2-1,G:\InVivo_SpikeSorting_V1,2020-10-22_12-23-27,VisualFlash_Opto,0,0,OA1x32,
NK17,V1,10,Urethane,Nkx2-1,G:\InVivo_SpikeSorting_V1,2020-10-22_13-09-29,Optotagging,0,0,OA1x32,
NK16,V1,9,Urethane,Nkx2-1,G:\InVivo_SpikeSorting_V1,2020-10-21_17-32-05,VisualFlash_Opto,0,0,OA1x32,
NK16,V1,9,Urethane,Nkx2-1,G:\InVivo_SpikeSorting_V1,2020-10-21_18-13-55,Optotagging,0,0,OA1x32,
NK15,V1,9,Urethane,Nkx2-1,G:\InVivo_SpikeSorting_V1,2020-10-21_15-05-26,Baseline,0,0,OA1x32,
NK15,V1,9,Urethane,Nkx2-1,G:\InVivo_SpikeSorting_V1,2020-10-21_15-44-56,Optotagging,0,0,OA1x32,
NK15,V1,9,Urethane,Nkx2-1,G:\InVivo_SpikeSorting_V1,2020-10-21_15-50-24,VisualFlash_Opto,0,0,OA1x32,
NK15,V1,9,Urethane,Nkx2-1,G:\InVivo_SpikeSorting_V1,2020-10-21_16-31-59,Optotagging,0,0,OA1x32,
NK14,V1,9,Urethane,Nkx2-1,G:\InVivo_SpikeSorting_V1,2020-10-21_11-48-06,Baseline,0,0,OA1x32,
NK14,V1,9,Urethane,Nkx2-1,G:\InVivo_SpikeSorting_V1,2020-10-21_12-49-18,Failed,0,0,OA1x32,
NK14,V1,9,Urethane,Nkx2-1,G:\InVivo_SpikeSorting_V1,2020-10-21_12-50-05,Optotagging,0,0,OA1x32,
NK14,V1,9,Urethane,Nkx2-1,G:\InVivo_SpikeSorting_V1,2020-10-21_12-55-53,VisualFlash_Opto,0,0,OA1x32,
NK14,V1,9,Urethane,Nkx2-1,G:\InVivo_SpikeSorting_V1,2020-10-21_13-37-14,Optotagging,0,0,OA1x32,
NK13,V1,16,Urethane,Nkx2-1,G:\InVivo_SpikeSorting_V1,2020-10-02_15-55-51,Baseline,0,0,OA1x32,
NK13,V1,16,Urethane,Nkx2-1,G:\InVivo_SpikeSorting_V1,2020-10-02_16-19-56,Optotagging,0,0,OA1x32,
NK13,V1,16,Urethane,Nkx2-1,G:\InVivo_SpikeSorting_V1,2020-10-02_16-24-14,VisualFlash_Opto,0,0,OA1x32,
NK13,V1,16,Urethane,Nkx2-1,G:\InVivo_SpikeSorting_V1,2020-10-02_17-06-59,Optotagging,0,0,OA1x32,
NK10,V1,15,Urethane,Nkx2-1,G:\InVivo_SpikeSorting_V1,2020-10-01_14-22-24,Baseline,0,0,OA1x32,
NK10,V1,15,Urethane,Nkx2-1,G:\InVivo_SpikeSorting_V1,2020-10-01_14-52-35,Optotagging,0,0,OA1x32,
NK10,V1,15,Urethane,Nkx2-1,G:\InVivo_SpikeSorting_V1,2020-10-01_14-57-08,VisualFlash_Opto,0,0,OA1x32,
NK10,V1,15,Urethane,Nkx2-1,G:\InVivo_SpikeSorting_V1,2020-10-01_15-43-05,Optotagging,0,0,OA1x32,
NK9,V1,15,Urethane,Nkx2-1,G:\InVivo_SpikeSorting_V1,2020-10-01_11-45-28,Baseline,0,0,OA1x32,
NK9,V1,15,Urethane,Nkx2-1,G:\InVivo_SpikeSorting_V1,2020-10-01_12-17-19,Optotagging,0,0,OA1x32,
NK9,V1,15,Urethane,Nkx2-1,G:\InVivo_SpikeSorting_V1,2020-10-01_12-21-26,VisualFlash_Opto,0,0,OA1x32,
NK9,V1,15,Urethane,Nkx2-1,G:\InVivo_SpikeSorting_V1,2020-10-01_13-04-06,Optotagging,0,0,OA1x32,
NK12,V1,16,Urethane,Nkx2-1,G:\InVivo_SpikeSorting_V1,2020-10-02_13-20-17,Baseline,0,0,OA1x32,
NK12,V1,16,Urethane,Nkx2-1,G:\InVivo_SpikeSorting_V1,2020-10-02_13-51-39,Optotagging,0,0,OA1x32,
NK12,V1,16,Urethane,Nkx2-1,G:\InVivo_SpikeSorting_V1,2020-10-02_13-55-46,VisualFlash_Opto,0,0,OA1x32,
NK12,V1,16,Urethane,Nkx2-1,G:\InVivo_SpikeSorting_V1,2020-10-02_14-40-11,Optotagging,0,0,OA1x32,
NK32,V1,11,Urethane,Nkx2-1,G:\InVivo_SpikeSorting_V1,2020-11-18_12-26-00,Baseline,0,0,OA1x32,
NK32,V1,11,Urethane,Nkx2-1,G:\InVivo_SpikeSorting_V1,2020-11-18_12-57-42,Optotagging,0,0,OA1x32,
NK32,V1,11,Urethane,Nkx2-1,G:\InVivo_SpikeSorting_V1,2020-11-18_13-05-12,Failed,0,0,OA1x32,
NK32,V1,11,Urethane,Nkx2-1,G:\InVivo_SpikeSorting_V1,2020-11-18_13-07-29,VisualFlash_Opto,0,0,OA1x32,
NK32,V1,11,Urethane,Nkx2-1,G:\InVivo_SpikeSorting_V1,2020-11-18_14-19-14,Optotagging,0,0,OA1x32,
NK33,V1,11,Urethane,Nkx2-1,G:\InVivo_SpikeSorting_V1,2020-11-18_13-45-41,Baseline,0,0,A1x32,
NK33,V1,11,Urethane,Nkx2-1,G:\InVivo_SpikeSorting_V1,2020-11-18_14-17-25,Optotagging,0,0,A1x32,
NK33,V1,11,Urethane,Nkx2-1,G:\InVivo_SpikeSorting_V1,2020-11-18_14-22-31,VisualFlash_Opto,0,0,A1x32,
NK33,V1,11,Urethane,Nkx2-1,G:\InVivo_SpikeSorting_V1,2020-11-18_15-03-40,Optotagging,0,0,A1x32,
NK35,V1,12,Urethane,Nkx2-1,G:\InVivo_SpikeSorting_V1,2020-11-19_11-58-45,Baseline,0,NaN,A1x32,
NK35,V1,12,Urethane,Nkx2-1,G:\InVivo_SpikeSorting_V1,2020-11-19_13-01-43,VisualFlash_Opto,0,NaN,A1x32,
NK37,V1,12,Urethane,Nkx2-1,G:\InVivo_SpikeSorting_V1,2020-11-19_13-00-42,Baseline,0,0,OA1x32,
NK37,V1,12,Urethane,Nkx2-1,G:\InVivo_SpikeSorting_V1,2020-11-19_13-32-08,Optotagging,0,0,OA1x32,
NK37,V1,12,Urethane,Nkx2-1,G:\InVivo_SpikeSorting_V1,2020-11-19_13-36-48,VisualFlash_Opto,0,0,OA1x32,
NK37,V1,12,Urethane,Nkx2-1,G:\InVivo_SpikeSorting_V1,2020-11-19_14-19-53,Optotagging,0,0,OA1x32,
NK38,V1,12,Urethane,Nkx2-1,G:\InVivo_SpikeSorting_V1,2020-11-19_15-57-00,Baseline,0,0,OA1x32,
NK38,V1,12,Urethane,Nkx2-1,G:\InVivo_SpikeSorting_V1,2020-11-19_16-30-47,Optotagging,0,0,OA1x32,
NK38,V1,12,Urethane,Nkx2-1,G:\InVivo_SpikeSorting_V1,2020-11-19_16-35-00,VisualFlash_Opto,0,0,OA1x32,
NK38,V1,12,Urethane,Nkx2-1,G:\InVivo_SpikeSorting_V1,2020-11-19_17-16-06,Optotagging,0,0,OA1x32,
NK39,V1,15,Urethane,Nkx2-1,G:\InVivo_SpikeSorting_V1,2020-12-03_12-53-01,Baseline,0,0,OA1x32,
NK39,V1,15,Urethane,Nkx2-1,G:\InVivo_SpikeSorting_V1,2020-12-03_13-23-07,Optotagging,0,0,OA1x32,
NK39,V1,15,Urethane,Nkx2-1,G:\InVivo_SpikeSorting_V1,2020-12-03_13-28-10,VisualFlash_Opto,0,0,OA1x32,
NK39,V1,15,Urethane,Nkx2-1,G:\InVivo_SpikeSorting_V1,2020-12-03_14-10-21,Optotagging,0,0,OA1x32,
NK45,V1,8,Urethane,Nkx2-1,G:\InVivo_SpikeSorting_V1,2021-01-28_14-35-49,Baseline,0,0,OA1x32,
NK45,V1,8,Urethane,Nkx2-1,G:\InVivo_SpikeSorting_V1,2021-01-28_15-06-12,Optotagging,0,0,OA1x32,
NK45,V1,8,Urethane,Nkx2-1,G:\InVivo_SpikeSorting_V1,2021-01-28_15-15-58,VisualFlash_Opto,0,0,OA1x32,
NK45,V1,8,Urethane,Nkx2-1,G:\InVivo_SpikeSorting_V1,2021-01-28_15-57-41,Optotagging,0,0,OA1x32,
NK47,V1,11,Urethane,Nkx2-1,G:\InVivo_SpikeSorting_V1,2021-02-01_12-52-27,Baseline,0,0,OA1x32,
NK47,V1,11,Urethane,Nkx2-1,G:\InVivo_SpikeSorting_V1,2021-02-01_13-34-14,Optotagging,0,0,OA1x32,
NK47,V1,11,Urethane,Nkx2-1,G:\InVivo_SpikeSorting_V1,2021-02-01_13-38-58,VisualFlash_Opto,0,0,OA1x32,
NK47,V1,11,Urethane,Nkx2-1,G:\InVivo_SpikeSorting_V1,2021-02-01_14-36-37,Optotagging,0,0,OA1x32,
NK49,V1,11,Urethane,Nkx2-1,G:\InVivo_SpikeSorting_V1,2021-02-01_16-41-35,Baseline,0,0,OA1x32,
NK49,V1,11,Urethane,Nkx2-1,G:\InVivo_SpikeSorting_V1,2021-02-01_17-12-36,Failed,0,0,OA1x32,
NK49,V1,11,Urethane,Nkx2-1,G:\InVivo_SpikeSorting_V1,2021-02-01_17-13-32,Optotagging,0,0,OA1x32,
NK49,V1,11,Urethane,Nkx2-1,G:\InVivo_SpikeSorting_V1,2021-02-01_17-18-53,VisualFlash_Opto,0,0,OA1x32,
NK49,V1,11,Urethane,Nkx2-1,G:\InVivo_SpikeSorting_V1,2021-02-01_18-00-57,Optotagging,0,0,OA1x32,
NK53,V1,15,Urethane,Nkx2-1,G:\InVivo_SpikeSorting_V1,2021-02-04_15-13-22,Baseline,0,0,OA1x32,
NK53,V1,15,Urethane,Nkx2-1,G:\InVivo_SpikeSorting_V1,2021-02-04_15-35-47,Failed,0,0,OA1x32,
NK53,V1,15,Urethane,Nkx2-1,G:\InVivo_SpikeSorting_V1,2021-02-04_15-38-16,Optotagging,0,0,OA1x32,
NK53,V1,15,Urethane,Nkx2-1,G:\InVivo_SpikeSorting_V1,2021-02-04_15-55-52,VisualFlash,0,0,OA1x32,
NK53,V1,15,Urethane,Nkx2-1,G:\InVivo_SpikeSorting_V1,2021-02-04_16-38-10,VisualFlash_Opto,0,0,OA1x32,
NK55,V1,9,Urethane,Nkx2-1,G:\InVivo_SpikeSorting_V1,2021-02-22_12-50-52,Baseline,0,0,A1x32,
NK55,V1,9,Urethane,Nkx2-1,G:\InVivo_SpikeSorting_V1,2021-02-22_13-24-34,Optotagging,0,0,A1x32,
NK55,V1,9,Urethane,Nkx2-1,G:\InVivo_SpikeSorting_V1,2021-02-22_13-45-58,VisualFlash_Opto,0,0,A1x32,
NK59,V1,13,Urethane,Nkx2-1,G:\InVivo_SpikeSorting_V1,2021-02-24_13-42-39,Baseline,0,0,A1x32,
NK59,V1,13,Urethane,Nkx2-1,G:\InVivo_SpikeSorting_V1,2021-02-24_14-18-58,Optotagging,0,0,A1x32,
NK59,V1,13,Urethane,Nkx2-1,G:\InVivo_SpikeSorting_V1,2021-02-24_14-36-11,VisualFlash_Opto,0,0,A1x32,
NK59,V1,13,Urethane,Nkx2-1,G:\InVivo_SpikeSorting_V1,2021-02-24_15-28-22,Optotagging,0,0,A1x32,
NK66,V1,12,Urethane,Nkx2-1,G:\InVivo_SpikeSorting_V1,2021-02-25_15-44-17,Baseline,0,0,A1x32,
NK66,V1,12,Urethane,Nkx2-1,G:\InVivo_SpikeSorting_V1,2021-02-25_16-30-18,Optotagging,0,0,A1x32,
NK66,V1,12,Urethane,Nkx2-1,G:\InVivo_SpikeSorting_V1,2021-02-25_16-47-26,VisualFlash_Opto,0,0,A1x32,
SC43,V1,12,Urethane,SST,G:\InVivo_SpikeSorting_V1,2021-02-11_12-32-42,Baseline,0,0,A1x32,
SC43,V1,12,Urethane,SST,G:\InVivo_SpikeSorting_V1,2021-02-11_13-10-50,Optotagging,0,0,A1x32,
SC43,V1,12,Urethane,SST,G:\InVivo_SpikeSorting_V1,2021-02-11_13-31-44,VisualFlash,0,0,A1x32,
SC43,V1,12,Urethane,SST,G:\InVivo_SpikeSorting_V1,2021-02-11_14-05-36,Optotagging,0,0,A1x32,
SC44,V1,12,Urethane,SST,G:\InVivo_SpikeSorting_V1,2021-02-11_15-58-29,Baseline,0,0,A1x32,
SC44,V1,12,Urethane,SST,G:\InVivo_SpikeSorting_V1,2021-02-11_16-23-26,Optotagging,0,0,A1x32,
SC44,V1,12,Urethane,SST,G:\InVivo_SpikeSorting_V1,2021-02-11_16-41-27,VisualFlash,0,0,A1x32,
SC44,V1,12,Urethane,SST,G:\InVivo_SpikeSorting_V1,2021-02-11_17-09-28,Optotagging,0,0,A1x32,
SC45,V1,16,Urethane,SST,G:\InVivo_SpikeSorting_V1,2021-02-15_12-18-14,Baseline,0,0,A1x32,
SC45,V1,16,Urethane,SST,G:\InVivo_SpikeSorting_V1,2021-02-15_12-50-14,Failed,0,0,A1x32,
SC45,V1,16,Urethane,SST,G:\InVivo_SpikeSorting_V1,2021-02-15_12-53-16,Optotagging,0,0,A1x32,
SC45,V1,16,Urethane,SST,G:\InVivo_SpikeSorting_V1,2021-02-15_13-10-36,VisualFlash_Opto,0,0,A1x32,
SC45,V1,16,Urethane,SST,G:\InVivo_SpikeSorting_V1,2021-02-15_14-14-24,Optotagging,0,0,A1x32,
SC46,V1,16,Urethane,SST,G:\InVivo_SpikeSorting_V1,2021-02-15_16-03-25,Baseline,0,0,A1x32,
SC46,V1,16,Urethane,SST,G:\InVivo_SpikeSorting_V1,2021-02-15_16-34-37,Optotagging,0,0,A1x32,
SC46,V1,16,Urethane,SST,G:\InVivo_SpikeSorting_V1,2021-02-15_17-04-52,VisualFlash_Opto,0,0,A1x32,
SC47,V1,18,Urethane,SST,G:\InVivo_SpikeSorting_V1,2021-02-17_13-17-43,Baseline,0,0,A1x32,
SC47,V1,18,Urethane,SST,G:\InVivo_SpikeSorting_V1,2021-02-17_13-59-37,Optotagging,0,0,A1x32,
SC47,V1,18,Urethane,SST,G:\InVivo_SpikeSorting_V1,2021-02-17_14-21-59,Failed,0,0,A1x32,
SC47,V1,18,Urethane,SST,G:\InVivo_SpikeSorting_V1,2021-02-17_14-23-33,VisualFlash_Opto,0,0,A1x32,
SC47,V1,18,Urethane,SST,G:\InVivo_SpikeSorting_V1,2021-02-17_15-09-47,Optotagging,0,0,A1x32,
SC48,V1,18,Urethane,SST,G:\InVivo_SpikeSorting_V1,2021-02-17_17-06-25,Baseline,0,0,A1x32,
SC48,V1,18,Urethane,SST,G:\InVivo_SpikeSorting_V1,2021-02-17_17-27-24,Optotagging,0,0,A1x32,
SC48,V1,18,Urethane,SST,G:\InVivo_SpikeSorting_V1,2021-02-17_17-45-17,VisualFlash_Opto,0,0,A1x32,
SC49,V1,9,Urethane,SST,G:\InVivo_SpikeSorting_V1,2021-03-01_12-45-09,Baseline,0,0,A1x32,
SC49,V1,9,Urethane,SST,G:\InVivo_SpikeSorting_V1,2021-03-01_13-26-19,Optotagging,0,0,A1x32,
SC49,V1,9,Urethane,SST,G:\InVivo_SpikeSorting_V1,2021-03-01_13-54-30,VisualFlash_Opto,0,0,A1x32,
SC50,V1,9,Urethane,SST,G:\InVivo_SpikeSorting_V1,2021-03-01_16-31-36,Baseline,0,0,A1x32,
SC50,V1,9,Urethane,SST,G:\InVivo_SpikeSorting_V1,2021-03-01_16-57-56,Optotagging,0,0,A1x32,
SC50,V1,9,Urethane,SST,G:\InVivo_SpikeSorting_V1,2021-03-01_17-29-48,VisualFlash_Opto,0,0,A1x32,
SC51,V1,11,Urethane,SST,G:\InVivo_SpikeSorting_V1,2021-03-03_12-40-24,Baseline,0,0,A1x32,
SC51,V1,11,Urethane,SST,G:\InVivo_SpikeSorting_V1,2021-03-03_13-13-29,Optotagging,0,0,A1x32,
SC51,V1,11,Urethane,SST,G:\InVivo_SpikeSorting_V1,2021-03-03_13-46-17,VisualFlash_Opto,0,0,A1x32,
SC52,V1,11,Urethane,SST,G:\InVivo_SpikeSorting_V1,2021-03-03_16-29-21,Baseline,0,0,A1x32,
SC52,V1,11,Urethane,SST,G:\InVivo_SpikeSorting_V1,2021-03-03_17-00-19,Optotagging,0,0,A1x32,
SC52,V1,11,Urethane,SST,G:\InVivo_SpikeSorting_V1,2021-03-03_17-26-36,VisualFlash_Opto,0,0,A1x32,
SC53,V1,12,Urethane,SST,G:\InVivo_SpikeSorting_V1,2021-03-04_12-41-15,Baseline,0,0,A1x32,
SC53,V1,12,Urethane,SST,G:\InVivo_SpikeSorting_V1,2021-03-04_13-13-31,Optotagging,0,0,A1x32,
SC53,V1,12,Urethane,SST,G:\InVivo_SpikeSorting_V1,2021-03-04_13-42-02,VisualFlash_Opto,0,0,A1x32,
SC54,V1,12,Urethane,SST,G:\InVivo_SpikeSorting_V1,2021-03-04_16-02-58,Baseline,0,0,A1x32,
SC54,V1,12,Urethane,SST,G:\InVivo_SpikeSorting_V1,2021-03-04_16-36-40,Optotagging,0,0,A1x32,
SC54,V1,12,Urethane,SST,G:\InVivo_SpikeSorting_V1,2021-03-04_17-04-15,VisualFlash_Opto,0,0,A1x32,
K1,V1,8,Urethane,SST;KORD,G:\InVivo_SpikeSorting_V1,2021-06-18_12-47-55,Baseline,0,NaN,A1x32,
K1,V1,8,Urethane,SST;KORD,G:\InVivo_SpikeSorting_V1,2021-06-18_13-09-32,Failed,0,NaN,A1x32,
K1,V1,8,Urethane,SST;KORD,G:\InVivo_SpikeSorting_V1,2021-06-18_13-12-37,VisualFlash,0,NaN,A1x32,
K4,V1,11,Urethane,SST;KORD,G:\InVivo_SpikeSorting_V1,2021-06-21_12-29-19,Baseline,0,0,A1x32,
K4,V1,11,Urethane,SST;KORD,G:\InVivo_SpikeSorting_V1,2021-06-21_12-51-12,VisualFlash,0,0,A1x32,
K4,V1,11,Urethane,SST;KORD,G:\InVivo_SpikeSorting_V1,2021-06-21_13-26-05,Baseline_K,0,0,A1x32,
K4,V1,11,Urethane,SST;KORD,G:\InVivo_SpikeSorting_V1,2021-06-21_13-48-14,VisualFlash_K,0,0,A1x32,
K6,V1,13,Urethane,SST;KORD,G:\InVivo_SpikeSorting_V1,2021-06-23_12-11-26,Baseline,0,0,A1x32,
K6,V1,13,Urethane,SST;KORD,G:\InVivo_SpikeSorting_V1,2021-06-23_12-42-58,VisualFlash,0,0,A1x32,
K6,V1,13,Urethane,SST;KORD,G:\InVivo_SpikeSorting_V1,2021-06-23_13-29-42,Baseline_K,0,0,A1x32,
K6,V1,13,Urethane,SST;KORD,G:\InVivo_SpikeSorting_V1,2021-06-23_13-50-55,VisualFlash_K,0,0,A1x32,
K7,V1,13,Urethane,SST;KORD,G:\InVivo_SpikeSorting_V1,2021-06-23_14-57-41,Baseline,0,NaN,A1x32,Dual
K7,V1,13,Urethane,SST;KORD,G:\InVivo_SpikeSorting_V1,2021-06-23_15-27-47,VisualFlash_Right,0,NaN,A1x32,Dual
K7,V1,13,Urethane,SST;KORD,G:\InVivo_SpikeSorting_V1,2021-06-23_15-44-46,VisualFlash_Left,0,NaN,A1x32,Dual
K9,V1,14,Urethane,SST;KORD,G:\InVivo_SpikeSorting_V1,2021-06-24_12-36-46,Baseline,0,0,A1x32,
K9,V1,14,Urethane,SST;KORD,G:\InVivo_SpikeSorting_V1,2021-06-24_12-56-59,VisualFlash,0,0,A1x32,
K9,V1,14,Urethane,SST;KORD,G:\InVivo_SpikeSorting_V1,2021-06-24_13-33-12,Baseline_K,0,0,A1x32,
K9,V1,14,Urethane,SST;KORD,G:\InVivo_SpikeSorting_V1,2021-06-24_13-53-44,VisualFlash_K,0,0,A1x32,
K10,V1,14,Urethane,SST;KORD,G:\InVivo_SpikeSorting_V1,2021-06-24_15-46-25,Baseline,0,0,A1x32,
K10,V1,14,Urethane,SST;KORD,G:\InVivo_SpikeSorting_V1,2021-06-24_16-11-35,VisualFlash,0,0,A1x32,
K10,V1,14,Urethane,SST;KORD,G:\InVivo_SpikeSorting_V1,2021-06-24_16-53-23,Baseline_K,0,0,A1x32,
K10,V1,14,Urethane,SST;KORD,G:\InVivo_SpikeSorting_V1,2021-06-24_17-14-17,VisualFlash_K,0,0,A1x32,
K11,V1,18,Urethane,SST;KORD,G:\InVivo_SpikeSorting_V1,2021-06-28_12-26-25,Failed,0,NaN,A1x32,
K11,V1,18,Urethane,SST;KORD,G:\InVivo_SpikeSorting_V1,2021-06-28_13-02-00,Baseline,0,NaN,A1x32,
K11,V1,18,Urethane,SST;KORD,G:\InVivo_SpikeSorting_V1,2021-06-28_13-22-08,Failed,0,NaN,A1x32,
K11,V1,18,Urethane,SST;KORD,G:\InVivo_SpikeSorting_V1,2021-06-28_13-22-42,VisualFlash,0,NaN,A1x32,
K11,V1,18,Urethane,SST;KORD,G:\InVivo_SpikeSorting_V1,2021-06-28_14-06-26,Baseline_K,0,NaN,A1x32,
K11,V1,18,Urethane,SST;KORD,G:\InVivo_SpikeSorting_V1,2021-06-28_14-27-36,Failed,0,NaN,A1x32,
K11,V1,18,Urethane,SST;KORD,G:\InVivo_SpikeSorting_V1,2021-06-28_14-28-36,VisualFlash_K,0,NaN,A1x32,
K12,V1,18,Urethane,SST;KORD,G:\InVivo_SpikeSorting_V1,2021-06-28_16-41-11,Baseline,0,NaN,A1x32,
K12,V1,18,Urethane,SST;KORD,G:\InVivo_SpikeSorting_V1,2021-06-28_17-01-16,VisualFlash,0,NaN,A1x32,
K12,V1,18,Urethane,SST;KORD,G:\InVivo_SpikeSorting_V1,2021-06-28_17-29-39,Baseline_K,0,NaN,A1x32,
K12,V1,18,Urethane,SST;KORD,G:\InVivo_SpikeSorting_V1,2021-06-28_17-44-56,VisualFlash_K,0,NaN,A1x32,
K15,V1,9,Urethane,SST;KORD,G:\InVivo_SpikeSorting_V1,2021-06-25_12-35-00,Baseline,0,NaN,A1x32,
K15,V1,9,Urethane,SST;KORD,G:\InVivo_SpikeSorting_V1,2021-06-25_13-17-35,VisualFlash,0,NaN,A1x32,
K15,V1,9,Urethane,SST;KORD,G:\InVivo_SpikeSorting_V1,2021-06-25_14-05-03,Baseline_K,0,NaN,A1x32,
K15,V1,9,Urethane,SST;KORD,G:\InVivo_SpikeSorting_V1,2021-06-25_14-26-10,VisualFlash_K,0,NaN,A1x32,
K16,V1,9,Urethane,SST;KORD,G:\InVivo_SpikeSorting_V1,2021-06-25_16-12-27,Baseline,0,NaN,A1x32,
K16,V1,9,Urethane,SST;KORD,G:\InVivo_SpikeSorting_V1,2021-06-25_16-32-37,VisualFlash,0,NaN,A1x32,
K16,V1,9,Urethane,SST;KORD,G:\InVivo_SpikeSorting_V1,2021-06-25_17-29-11,Baseline_K,0,NaN,A1x32,
K16,V1,9,Urethane,SST;KORD,G:\InVivo_SpikeSorting_V1,2021-06-25_17-51-19,VisualFlash_K,0,NaN,A1x32,
K17,V1,14,Urethane,SST;KORD,G:\InVivo_SpikeSorting_V1,2021-06-30_13-14-44,Baseline,0,0,A1x32,
K17,V1,14,Urethane,SST;KORD,G:\InVivo_SpikeSorting_V1,2021-06-30_13-38-52,VisualFlash,0,0,A1x32,
K17,V1,14,Urethane,SST;KORD,G:\InVivo_SpikeSorting_V1,2021-06-30_14-25-18,Baseline_K,0,0,A1x32,
K17,V1,14,Urethane,SST;KORD,G:\InVivo_SpikeSorting_V1,2021-06-30_14-45-34,VisualFlash_K,0,0,A1x32,
K18,V1,14,Urethane,SST;KORD,G:\InVivo_SpikeSorting_V1,2021-06-30_16-52-09,Baseline,0,0,A1x32,
K18,V1,14,Urethane,SST;KORD,G:\InVivo_SpikeSorting_V1,2021-06-30_17-15-05,VisualFlash,0,0,A1x32,
K18,V1,14,Urethane,SST;KORD,G:\InVivo_SpikeSorting_V1,2021-06-30_17-52-02,VisualFlash_K,0,0,A1x32,
K18,V1,14,Urethane,SST;KORD,G:\InVivo_SpikeSorting_V1,2021-06-30_18-06-47,Baseline_K,0,0,A1x32,
K20,V1,16,Urethane,SST;KORD,G:\InVivo_SpikeSorting_V1,2021-07-02_13-29-32,Baseline,0,0,A1x32,
K20,V1,16,Urethane,SST;KORD,G:\InVivo_SpikeSorting_V1,2021-07-02_13-57-44,VisualFlash,0,0,A1x32,
K20,V1,16,Urethane,SST;KORD,G:\InVivo_SpikeSorting_V1,2021-07-02_14-32-37,VisualFlash_K,0,0,A1x32,
K20,V1,16,Urethane,SST;KORD,G:\InVivo_SpikeSorting_V1,2021-07-02_14-55-26,Baseline_K,0,0,A1x32,
K21,V1,16,Urethane,SST;KORD,G:\InVivo_SpikeSorting_V1,2021-07-02_16-39-33,Baseline,0,0,A1x32,
K21,V1,16,Urethane,SST;KORD,G:\InVivo_SpikeSorting_V1,2021-07-02_17-00-49,VisualFlash,0,0,A1x32,
K21,V1,16,Urethane,SST;KORD,G:\InVivo_SpikeSorting_V1,2021-07-02_17-35-07,Baseline_K,0,0,A1x32,
K21,V1,16,Urethane,SST;KORD,G:\InVivo_SpikeSorting_V1,2021-07-02_17-55-22,VisualFlash_K,0,0,A1x32,
K23,V1,11,Urethane,SST;KORD,G:\InVivo_SpikeSorting_V1,2021-07-19_12-51-31,Baseline,0,0,A1x32,
K23,V1,11,Urethane,SST;KORD,G:\InVivo_SpikeSorting_V1,2021-07-19_13-12-40,VisualFlash,0,0,A1x32,
K23,V1,11,Urethane,SST;KORD,G:\InVivo_SpikeSorting_V1,2021-07-19_13-51-47,Baseline_K,0,0,A1x32,
K23,V1,11,Urethane,SST;KORD,G:\InVivo_SpikeSorting_V1,2021-07-19_14-14-51,VisualFlash_K,0,0,A1x32,
K35,V1,12,Urethane,SST;KORD,G:\InVivo_SpikeSorting_V1,2021-07-20_13-02-18,Baseline,0,0,A1x32,
K35,V1,12,Urethane,SST;KORD,G:\InVivo_SpikeSorting_V1,2021-07-20_13-28-18,VisualFlash,0,0,A1x32,
K35,V1,12,Urethane,SST;KORD,G:\InVivo_SpikeSorting_V1,2021-07-20_14-11-36,VisualFlash_K,0,0,A1x32,
K35,V1,12,Urethane,SST;KORD,G:\InVivo_SpikeSorting_V1,2021-07-20_14-31-28,Baseline_K,0,0,A1x32,
K37,V1,12,Urethane,SST;KORD,G:\InVivo_SpikeSorting_V1,2021-07-20_17-41-33,Baseline,0,0,A1x32,
K37,V1,12,Urethane,SST;KORD,G:\InVivo_SpikeSorting_V1,2021-07-20_18-01-42,VisualFlash,0,0,A1x32,
K37,V1,12,Urethane,SST;KORD,G:\InVivo_SpikeSorting_V1,2021-07-20_18-41-22,VisualFlash_K,0,0,A1x32,
K37,V1,12,Urethane,SST;KORD,G:\InVivo_SpikeSorting_V1,2021-07-20_18-59-19,Baseline_K,0,0,A1x32,
K38,V1,13,Urethane,SST;KORD,G:\InVivo_SpikeSorting_V1,2021-07-21_13-07-50,Baseline,0,0,A1x32,
K38,V1,13,Urethane,SST;KORD,G:\InVivo_SpikeSorting_V1,2021-07-21_13-31-34,VisualFlash,0,0,A1x32,
K38,V1,13,Urethane,SST;KORD,G:\InVivo_SpikeSorting_V1,2021-07-21_14-11-48,Baseline_K,0,0,A1x32,
K38,V1,13,Urethane,SST;KORD,G:\InVivo_SpikeSorting_V1,2021-07-21_14-33-34,VisualFlash_K,0,0,A1x32,
K39,V1,13,Urethane,SST;KORD,G:\InVivo_SpikeSorting_V1,2021-07-21_16-19-42,Baseline,0,0,A1x32,
K39,V1,13,Urethane,SST;KORD,G:\InVivo_SpikeSorting_V1,2021-07-21_16-41-50,VisualFlash,0,0,A1x32,
K39,V1,13,Urethane,SST;KORD,G:\InVivo_SpikeSorting_V1,2021-07-21_17-19-17,VisualFlash_K,0,0,A1x32,
K39,V1,13,Urethane,SST;KORD,G:\InVivo_SpikeSorting_V1,2021-07-21_17-38-29,Baseline_K,0,0,A1x32,
K24,V1,11,Urethane,SST;KORD,G:\InVivo_SpikeSorting_V1,2021-07-19_13-08-45,Baseline,0,0,A1x32,
K24,V1,11,Urethane,SST;KORD,G:\InVivo_SpikeSorting_V1,2021-07-19_13-31-30,VisualFlash,0,0,A1x32,
K24,V1,11,Urethane,SST;KORD,G:\InVivo_SpikeSorting_V1,2021-07-19_14-07-56,VisualFlash_K,0,0,A1x32,
K24,V1,11,Urethane,SST;KORD,G:\InVivo_SpikeSorting_V1,2021-07-19_14-26-32,Baseline_K,0,0,A1x32,
K36,V1,12,Urethane,SST;KORD,G:\InVivo_SpikeSorting_V1,2021-07-20_12-59-02,Baseline,0,0,A1x32,
K36,V1,12,Urethane,SST;KORD,G:\InVivo_SpikeSorting_V1,2021-07-20_13-22-42,VisualFlash,0,0,A1x32,
K36,V1,12,Urethane,SST;KORD,G:\InVivo_SpikeSorting_V1,2021-07-20_14-00-01,Baseline_K,0,0,A1x32,
K36,V1,12,Urethane,SST;KORD,G:\InVivo_SpikeSorting_V1,2021-07-20_14-23-49,VisualFlash_K,0,0,A1x32,
K41,V1,15,Urethane,SST;KORD,G:\InVivo_SpikeSorting_V1,2021-07-23_15-50-26,Baseline,0,0,A1x32,
K41,V1,15,Urethane,SST;KORD,G:\InVivo_SpikeSorting_V1,2021-07-23_16-13-42,VisualFlash,0,0,A1x32,
K41,V1,15,Urethane,SST;KORD,G:\InVivo_SpikeSorting_V1,2021-07-23_16-52-10,Baseline_K,0,0,A1x32,
K41,V1,15,Urethane,SST;KORD,G:\InVivo_SpikeSorting_V1,2021-07-23_17-13-29,VisualFlash_K,0,0,A1x32,
K42,V1,18,Urethane,SST;KORD,G:\InVivo_SpikeSorting_V1,2021-07-28_13-00-15,Baseline,0,0,A1x32,
K42,V1,18,Urethane,SST;KORD,G:\InVivo_SpikeSorting_V1,2021-07-28_13-20-23,VisualFlash,0,0,A1x32,
K42,V1,18,Urethane,SST;KORD,G:\InVivo_SpikeSorting_V1,2021-07-28_14-00-06,Baseline_K,0,0,A1x32,
K42,V1,18,Urethane,SST;KORD,G:\InVivo_SpikeSorting_V1,2021-07-28_14-23-37,VisualFlash_K,0,0,A1x32,
K43,V1,18,Urethane,SST;KORD,G:\InVivo_SpikeSorting_V1,2021-07-28_16-29-46,Baseline,0,0,A1x32,
K43,V1,18,Urethane,SST;KORD,G:\InVivo_SpikeSorting_V1,2021-07-28_16-53-36,VisualFlash,0,0,A1x32,
K43,V1,18,Urethane,SST;KORD,G:\InVivo_SpikeSorting_V1,2021-07-28_17-31-58,VisualFlash_K,0,0,A1x32,
K43,V1,18,Urethane,SST;KORD,G:\InVivo_SpikeSorting_V1,2021-07-28_17-52-14,Baseline_K,0,0,A1x32,
SC55,V1,11,Urethane,SST,G:\InVivo_SpikeSorting_V1,2021-04-01_13-04-59,Baseline,0,0,A1x32,
SC55,V1,11,Urethane,SST,G:\InVivo_SpikeSorting_V1,2021-04-01_13-32-00,Optotagging,0,0,A1x32,
SC55,V1,11,Urethane,SST,G:\InVivo_SpikeSorting_V1,2021-04-01_13-49-15,VisualFlash_Opto,0,0,A1x32,
SC56,V1,11,Urethane,SST,G:\InVivo_SpikeSorting_V1,2021-04-01_16-44-50,Baseline,0,0,A1x32,
SC56,V1,11,Urethane,SST,G:\InVivo_SpikeSorting_V1,2021-04-01_17-05-25,Optotagging,0,0,A1x32,
SC56,V1,11,Urethane,SST,G:\InVivo_SpikeSorting_V1,2021-04-01_17-24-00,VisualFlash_Opto,0,0,A1x32,
SC91,V1,10,Urethane,SST,G:\InVivo_SpikeSorting_V1,2021-06-14_13-23-02,Baseline,0,0,OA1x32,
SC91,V1,10,Urethane,SST,G:\InVivo_SpikeSorting_V1,2021-06-14_13-53-31,Optotagging,0,0,OA1x32,
SC91,V1,10,Urethane,SST,G:\InVivo_SpikeSorting_V1,2021-06-14_14-11-13,VisualFlash_Opto,0,0,OA1x32,
SC91,V1,10,Urethane,SST,G:\InVivo_SpikeSorting_V1,2021-06-14_14-57-05,Optotagging,0,0,OA1x32,
SC107l,V1,11,Urethane,SST,G:\InVivo_SpikeSorting_V1,2021-07-09_13-01-03,Baseline,0,0,A1x32_Poly3,
SC107l,V1,11,Urethane,SST,G:\InVivo_SpikeSorting_V1,2021-07-09_13-44-09,Optotagging,0,0,A1x32_Poly3,
SC107l,V1,11,Urethane,SST,G:\InVivo_SpikeSorting_V1,2021-07-09_14-03-44,VisualFlash_Opto,0,0,A1x32_Poly3,
SC107u,V1,11,Urethane,SST,G:\InVivo_SpikeSorting_V1,2021-07-09_15-41-00,Baseline,0,0,A1x32_Poly3,
SC107u,V1,11,Urethane,SST,G:\InVivo_SpikeSorting_V1,2021-07-09_16-11-11,Optotagging,0,0,A1x32_Poly3,
SC107u,V1,11,Urethane,SST,G:\InVivo_SpikeSorting_V1,2021-07-09_16-33-49,VisualFlash_Opto,0,0,A1x32_Poly3,
NK58,V1,9,Urethane,Nkx2-1,G:\InVivo_SpikeSorting_V1,2021-02-22_17-47-47,Baseline,0,0,A1x32,
NK58,V1,9,Urethane,Nkx2-1,G:\InVivo_SpikeSorting_V1,2021-02-22_18-13-10,Optotagging,0,0,A1x32,
NK58,V1,9,Urethane,Nkx2-1,G:\InVivo_SpikeSorting_V1,2021-02-22_18-33-47,VisualFlash_Opto,0,0,A1x32,
SC92b,V1,18,Urethane,SST,G:\InVivo_SpikeSorting_V1,2021-04-09_13-30-07,Baseline,0,0,A1x32,
SC92b,V1,18,Urethane,SST,G:\InVivo_SpikeSorting_V1,2021-04-09_13-59-52,Optotagging,0,0,A1x32,
SC92b,V1,18,Urethane,SST,G:\InVivo_SpikeSorting_V1,2021-04-09_14-17-35,VisualFlash_Opto,0,0,A1x32,
SC93b,V1,18,Urethane,SST,G:\InVivo_SpikeSorting_V1,2021-04-09_17-10-15,Baseline,0,0,A1x32,
SC93b,V1,18,Urethane,SST,G:\InVivo_SpikeSorting_V1,2021-04-09_17-40-37,Optotagging,0,0,A1x32,
SC93b,V1,18,Urethane,SST,G:\InVivo_SpikeSorting_V1,2021-04-09_17-59-41,VisualFlash_Opto,0,0,A1x32,
NSC1,V1,14,Urethane,SST;NrgKO,G:\InVivo_SpikeSorting_V1,2021-06-07_12-52-24,Baseline,0,0,OA1x32,
NSC1,V1,14,Urethane,SST;NrgKO,G:\InVivo_SpikeSorting_V1,2021-06-07_13-27-12,Optotagging,0,0,OA1x32,
NSC1,V1,14,Urethane,SST;NrgKO,G:\InVivo_SpikeSorting_V1,2021-06-07_13-46-20,VisualFlash_Opto,0,0,OA1x32,
NSC1,V1,14,Urethane,SST;NrgKO,G:\InVivo_SpikeSorting_V1,2021-06-07_14-45-16,Optotagging,0,0,OA1x32,
NSC2,V1,14,Urethane,SST;NrgKO,G:\InVivo_SpikeSorting_V1,2021-06-07_16-39-51,Baseline,0,0,OA1x32,
NSC2,V1,14,Urethane,SST;NrgKO,G:\InVivo_SpikeSorting_V1,2021-06-07_17-08-57,Optotagging,0,0,OA1x32,
NSC2,V1,14,Urethane,SST;NrgKO,G:\InVivo_SpikeSorting_V1,2021-06-07_17-26-08,VisualFlash_Opto,0,0,OA1x32,
NSC4,V1,16,Urethane,SST;NrgKO,G:\InVivo_SpikeSorting_V1,2021-06-10_12-56-01,Baseline,0,0,OA1x32,
NSC4,V1,16,Urethane,SST;NrgKO,G:\InVivo_SpikeSorting_V1,2021-06-10_13-26-18,Optotagging,0,0,OA1x32,
NSC4,V1,16,Urethane,SST;NrgKO,G:\InVivo_SpikeSorting_V1,2021-06-10_13-46-29,VisualFlash_Opto,0,0,OA1x32,
NSC5,V1,16,Urethane,SST;NrgKO,G:\InVivo_SpikeSorting_V1,2021-06-10_15-54-08,Baseline,0,0,OA1x32,
NSC5,V1,16,Urethane,SST;NrgKO,G:\InVivo_SpikeSorting_V1,2021-06-10_16-26-18,Optotagging,0,0,OA1x32,
NSC5,V1,16,Urethane,SST;NrgKO,G:\InVivo_SpikeSorting_V1,2021-06-10_16-46-05,VisualFlash_Opto,0,0,OA1x32,
K44,V1,15,Urethane,SST;KORD,G:\InVivo_SpikeSorting_V1,2021-08-16_13-11-45,Baseline,0,0,A1x32,
K44,V1,15,Urethane,SST;KORD,G:\InVivo_SpikeSorting_V1,2021-08-16_13-32-00,VisualFlash,0,0,A1x32,
K44,V1,15,Urethane,SST;KORD,G:\InVivo_SpikeSorting_V1,2021-08-16_13-52-19,SalB,0,0,A1x32,
K44,V1,15,Urethane,SST;KORD,G:\InVivo_SpikeSorting_V1,2021-08-16_14-12-27,VisualFlash_K,0,0,A1x32,
K44,V1,15,Urethane,SST;KORD,G:\InVivo_SpikeSorting_V1,2021-08-16_14-31-52,Baseline_K,0,0,A1x32,
K45,V1,15,Urethane,SST;KORD,G:\InVivo_SpikeSorting_V1,2021-08-16_16-33-43,Baseline,0,0,A1x32,
K45,V1,15,Urethane,SST;KORD,G:\InVivo_SpikeSorting_V1,2021-08-16_16-58-56,VisualFlash,0,0,A1x32,
K45,V1,15,Urethane,SST;KORD,G:\InVivo_SpikeSorting_V1,2021-08-16_17-18-59,SalB,0,0,A1x32,
K45,V1,15,Urethane,SST;KORD,G:\InVivo_SpikeSorting_V1,2021-08-16_17-34-10,Baseline_K,0,0,A1x32,
K45,V1,15,Urethane,SST;KORD,G:\InVivo_SpikeSorting_V1,2021-08-16_17-54-39,VisualFlash_K,0,0,A1x32,
K46,V1,17,Urethane,SST;KORD,G:\InVivo_SpikeSorting_V1,2021-08-18_12-55-09,Baseline,0,0,A1x32,
K46,V1,17,Urethane,SST;KORD,G:\InVivo_SpikeSorting_V1,2021-08-18_13-16-37,VisualFlash,0,0,A1x32,
K46,V1,17,Urethane,SST;KORD,G:\InVivo_SpikeSorting_V1,2021-08-18_13-36-46,SalB,0,0,A1x32,
K46,V1,17,Urethane,SST;KORD,G:\InVivo_SpikeSorting_V1,2021-08-18_13-56-51,Baseline_K,0,0,A1x32,
K46,V1,17,Urethane,SST;KORD,G:\InVivo_SpikeSorting_V1,2021-08-18_14-16-56,VisualFlash_K,0,0,A1x32,
K47,V1,17,Urethane,SST;KORD,G:\InVivo_SpikeSorting_V1,2021-08-18_16-10-24,Baseline,0,0,A1x32,
K47,V1,17,Urethane,SST;KORD,G:\InVivo_SpikeSorting_V1,2021-08-18_16-30-39,VisualFlash,0,0,A1x32,
K47,V1,17,Urethane,SST;KORD,G:\InVivo_SpikeSorting_V1,2021-08-18_16-51-49,SalB,0,0,A1x32,
K47,V1,17,Urethane,SST;KORD,G:\InVivo_SpikeSorting_V1,2021-08-18_17-21-03,VisualFlash_K,0,0,A1x32,
K47,V1,17,Urethane,SST;KORD,G:\InVivo_SpikeSorting_V1,2021-08-18_17-39-14,Baseline_K,0,0,A1x32,
K48,S1BF,7,Urethane,SST;KORD,G:\InVivo_SpikeSorting_V1,2021-08-10_13-53-29,Baseline,0,0,A1x32,
K48,S1BF,7,Urethane,SST;KORD,G:\InVivo_SpikeSorting_V1,2021-08-10_14-14-13,WhiskerPairedPulse,0,0,A1x32,
K48,S1BF,7,Urethane,SST;KORD,G:\InVivo_SpikeSorting_V1,2021-08-10_14-53-16,Baseline_K,0,0,A1x32,
K48,S1BF,7,Urethane,SST;KORD,G:\InVivo_SpikeSorting_V1,2021-08-10_15-13-23,WhiskerPairedPulse_K,0,0,A1x32,
K50,S1BF,8,Urethane,SST;KORD,G:\InVivo_SpikeSorting_V1,2021-08-11_13-22-14,WhiskerSingle,0,1,A1x32,
K50,S1BF,8,Urethane,SST;KORD,G:\InVivo_SpikeSorting_V1,2021-08-11_13-40-24,WhiskerPairedPulse,0,1,A1x32,
K50,S1BF,8,Urethane,SST;KORD,G:\InVivo_SpikeSorting_V1,2021-08-11_14-01-49,Baseline,0,1,A1x32,
K50,S1BF,8,Urethane,SST;KORD,G:\InVivo_SpikeSorting_V1,2021-08-11_14-48-21,WhiskerSingle_K,0,1,A1x32,
K50,S1BF,8,Urethane,SST;KORD,G:\InVivo_SpikeSorting_V1,2021-08-11_15-05-41,WhiskerPairedPulse_K,0,1,A1x32,
K50,S1BF,8,Urethane,SST;KORD,G:\InVivo_SpikeSorting_V1,2021-08-11_15-25-31,Baseline_K,0,1,A1x32,
K51,S1BF,8,Urethane,SST;KORD,G:\InVivo_SpikeSorting_V1,2021-08-11_18-00-06,WhiskerSingle,0,0,A1x32,
K51,S1BF,8,Urethane,SST;KORD,G:\InVivo_SpikeSorting_V1,2021-08-11_18-20-56,WhiskerPairedPulse,0,0,A1x32,
K51,S1BF,8,Urethane,SST;KORD,G:\InVivo_SpikeSorting_V1,2021-08-11_18-40-19,Baseline,0,0,A1x32,
K51,S1BF,8,Urethane,SST;KORD,G:\InVivo_SpikeSorting_V1,2021-08-11_19-05-22,WhiskerSingle,0,0,A1x32,
K51,S1BF,8,Urethane,SST;KORD,G:\InVivo_SpikeSorting_V1,2021-08-11_19-44-08,WhiskerSingle_K,0,0,A1x32,
K51,S1BF,8,Urethane,SST;KORD,G:\InVivo_SpikeSorting_V1,2021-08-11_20-01-26,WhiskerPairedPulse_K,0,0,A1x32,
K51,S1BF,8,Urethane,SST;KORD,G:\InVivo_SpikeSorting_V1,2021-08-11_20-19-34,Baseline_K,0,0,A1x32,
K52,S1BF,9,Urethane,SST;KORD,G:\InVivo_SpikeSorting_V1,2021-08-12_12-28-29,Baseline,0,0,A1x32,
K52,S1BF,9,Urethane,SST;KORD,G:\InVivo_SpikeSorting_V1,2021-08-12_12-48-43,WhiskerPairedPulse,0,0,A1x32,
K52,S1BF,9,Urethane,SST;KORD,G:\InVivo_SpikeSorting_V1,2021-08-12_13-28-04,WhiskerPairedPulse_K,0,0,A1x32,
K52,S1BF,9,Urethane,SST;KORD,G:\InVivo_SpikeSorting_V1,2021-08-12_13-47-15,Baseline_K,0,0,A1x32,
K53,S1BF,9,Urethane,SST;KORD,G:\InVivo_SpikeSorting_V1,2021-08-12_16-21-42,Baseline,0,0,A1x32,
K53,S1BF,9,Urethane,SST;KORD,G:\InVivo_SpikeSorting_V1,2021-08-12_16-41-50,WhiskerPairedPulse,0,0,A1x32,
K53,S1BF,9,Urethane,SST;KORD,G:\InVivo_SpikeSorting_V1,2021-08-12_17-02-14,SalB,0,0,A1x32,
K53,S1BF,9,Urethane,SST;KORD,G:\InVivo_SpikeSorting_V1,2021-08-12_17-22-29,Baseline_K,0,0,A1x32,
K53,S1BF,9,Urethane,SST;KORD,G:\InVivo_SpikeSorting_V1,2021-08-12_17-48-31,WhiskerPairedPulse_K,0,0,A1x32,
K54,S1BF,10,Urethane,SST;KORD,G:\InVivo_SpikeSorting_V1,2021-08-13_13-01-36,Baseline,0,0,A1x32,
K54,S1BF,10,Urethane,SST;KORD,G:\InVivo_SpikeSorting_V1,2021-08-13_13-21-59,WhiskerPairedPulse,0,0,A1x32,
K54,S1BF,10,Urethane,SST;KORD,G:\InVivo_SpikeSorting_V1,2021-08-13_13-37-25,SalB,0,0,A1x32,
K54,S1BF,10,Urethane,SST;KORD,G:\InVivo_SpikeSorting_V1,2021-08-13_13-57-29,WhiskerPairedPulse_K,0,0,A1x32,
K54,S1BF,10,Urethane,SST;KORD,G:\InVivo_SpikeSorting_V1,2021-08-13_14-11-51,Baseline_K,0,0,A1x32,
K55,S1BF,10,Urethane,SST;KORD,G:\InVivo_SpikeSorting_V1,2021-08-13_16-01-02,Baseline,0,0,A1x32,
K55,S1BF,10,Urethane,SST;KORD,G:\InVivo_SpikeSorting_V1,2021-08-13_16-22-35,WhiskerPairedPulse,0,0,A1x32,
K55,S1BF,10,Urethane,SST;KORD,G:\InVivo_SpikeSorting_V1,2021-08-13_16-43-27,SalB,0,0,A1x32,
K55,S1BF,10,Urethane,SST;KORD,G:\InVivo_SpikeSorting_V1,2021-08-13_17-03-38,WhiskerPairedPulse_K,0,0,A1x32,
K55,S1BF,10,Urethane,SST;KORD,G:\InVivo_SpikeSorting_V1,2021-08-13_17-21-44,Baseline_K,0,0,A1x32,
K56,S1BF,15,Urethane,SST;KORD,G:\InVivo_SpikeSorting_V1,2021-08-19_13-30-12,Baseline,0,0,A1x32,
K56,S1BF,15,Urethane,SST;KORD,G:\InVivo_SpikeSorting_V1,2021-08-19_13-50-49,WhiskerPairedPulse,0,0,A1x32,
K56,S1BF,15,Urethane,SST;KORD,G:\InVivo_SpikeSorting_V1,2021-08-19_14-07-58,SalB,0,0,A1x32,
K56,S1BF,15,Urethane,SST;KORD,G:\InVivo_SpikeSorting_V1,2021-08-19_14-28-12,WhiskerPairedPulse_K,0,0,A1x32,
K56,S1BF,15,Urethane,SST;KORD,G:\InVivo_SpikeSorting_V1,2021-08-19_14-41-38,Baseline_K,0,0,A1x32,
K57,S1BF,15,Urethane,SST;KORD,G:\InVivo_SpikeSorting_V1,2021-08-19_13-37-15,Baseline,0,NaN,A1x32,
K57,S1BF,15,Urethane,SST;KORD,G:\InVivo_SpikeSorting_V1,2021-08-19_13-57-19,WhiskerPairedPulse,0,NaN,A1x32,
K57,S1BF,15,Urethane,SST;KORD,G:\InVivo_SpikeSorting_V1,2021-08-19_14-18-41,SalB,0,NaN,A1x32,
K57,S1BF,15,Urethane,SST;KORD,G:\InVivo_SpikeSorting_V1,2021-08-19_14-38-43,,0,NaN,A1x32,
K57,S1BF,15,Urethane,SST;KORD,G:\InVivo_SpikeSorting_V1,2021-08-19_15-00-07,WhiskerPairedPulse_K,0,NaN,A1x32,
K58,S1BF,15,Urethane,SST;KORD,G:\InVivo_SpikeSorting_V1,2021-08-19_16-40-04,Baseline,0,0,A1x32,
K58,S1BF,15,Urethane,SST;KORD,G:\InVivo_SpikeSorting_V1,2021-08-19_17-00-09,WhiskerPairedPulse,0,0,A1x32,
K58,S1BF,15,Urethane,SST;KORD,G:\InVivo_SpikeSorting_V1,2021-08-19_17-15-15,SalB,0,0,A1x32,
K58,S1BF,15,Urethane,SST;KORD,G:\InVivo_SpikeSorting_V1,2021-08-19_17-35-22,WhiskerPairedPulse_K,0,0,A1x32,
K58,S1BF,15,Urethane,SST;KORD,G:\InVivo_SpikeSorting_V1,2021-08-19_17-49-02,Baseline_K,0,0,A1x32,
K59,S1BF,10,Urethane,SST;KORD,G:\InVivo_SpikeSorting_V1,2021-10-04_12-59-43,Baseline,0,0,A1x32,
K59,S1BF,10,Urethane,SST;KORD,G:\InVivo_SpikeSorting_V1,2021-10-04_13-22-04,WhiskerPairedPulse,0,0,A1x32,
K59,S1BF,10,Urethane,SST;KORD,G:\InVivo_SpikeSorting_V1,2021-10-04_13-37-35,SalB,0,0,A1x32,
K59,S1BF,10,Urethane,SST;KORD,G:\InVivo_SpikeSorting_V1,2021-10-04_13-57-09,WhiskerPairedPulse_K,0,0,A1x32,
K59,S1BF,10,Urethane,SST;KORD,G:\InVivo_SpikeSorting_V1,2021-10-04_14-10-36,Baseline_K,0,0,A1x32,
K60,S1BF,10,Urethane,SST;KORD,G:\InVivo_SpikeSorting_V1,2021-10-04_13-35-23,Baseline,0,0,A1x32,
K60,S1BF,10,Urethane,SST;KORD,G:\InVivo_SpikeSorting_V1,2021-10-04_13-56-12,WhiskerPairedPulse,0,0,A1x32,
K60,S1BF,10,Urethane,SST;KORD,G:\InVivo_SpikeSorting_V1,2021-10-04_14-11-43,SalB,0,0,A1x32,
K60,S1BF,10,Urethane,SST;KORD,G:\InVivo_SpikeSorting_V1,2021-10-04_14-31-01,WhiskerPairedPulse_K,0,0,A1x32,
K60,S1BF,10,Urethane,SST;KORD,G:\InVivo_SpikeSorting_V1,2021-10-04_14-46-20,Baseline_K,0,0,A1x32,
K62,S1BF,14,Urethane,SST;KORD,G:\InVivo_SpikeSorting_V1,2021-10-08_13-28-00,Baseline,0,0,A1x32,
K62,S1BF,14,Urethane,SST;KORD,G:\InVivo_SpikeSorting_V1,2021-10-08_13-48-05,WhiskerPairedPulse,0,0,A1x32,
K62,S1BF,14,Urethane,SST;KORD,G:\InVivo_SpikeSorting_V1,2021-10-08_14-04-34,SalB,0,0,A1x32,
K62,S1BF,14,Urethane,SST;KORD,G:\InVivo_SpikeSorting_V1,2021-10-08_14-22-52,Baseline_K,0,0,A1x32,
K62,S1BF,14,Urethane,SST;KORD,G:\InVivo_SpikeSorting_V1,2021-10-08_14-49-00,WhiskerPairedPulse_K,0,0,A1x32,
K63,S1BF,17,Urethane,SST;KORD,G:\InVivo_SpikeSorting_V1,2021-10-11_12-55-38,Baseline,0,NaN,A1x32,
K63,S1BF,17,Urethane,SST;KORD,G:\InVivo_SpikeSorting_V1,2021-10-11_13-15-48,WhiskerPairedPulse,0,NaN,A1x32,
K63,S1BF,17,Urethane,SST;KORD,G:\InVivo_SpikeSorting_V1,2021-10-11_13-30-38,SalB,0,NaN,A1x32,
K63,S1BF,17,Urethane,SST;KORD,G:\InVivo_SpikeSorting_V1,2021-10-11_13-50-44,Baseline_K,0,NaN,A1x32,
K63,S1BF,17,Urethane,SST;KORD,G:\InVivo_SpikeSorting_V1,2021-10-11_14-10-54,WhiskerPairedPulse_K,0,NaN,A1x32,
K64,S1BF,17,Urethane,SST;KORD,G:\InVivo_SpikeSorting_V1,2021-10-11_15-30-34,Baseline,0,0,A1x32,
K64,S1BF,17,Urethane,SST;KORD,G:\InVivo_SpikeSorting_V1,2021-10-11_15-52-17,WhiskerPairedPulse,0,0,A1x32,
K64,S1BF,17,Urethane,SST;KORD,G:\InVivo_SpikeSorting_V1,2021-10-11_16-08-08,SalB,0,0,A1x32,
K64,S1BF,17,Urethane,SST;KORD,G:\InVivo_SpikeSorting_V1,2021-10-11_16-28-15,WhiskerPairedPulse_K,0,0,A1x32,
K64,S1BF,17,Urethane,SST;KORD,G:\InVivo_SpikeSorting_V1,2021-10-11_16-43-10,Baseline_K,0,0,A1x32,
K71,S1BF,7,Urethane,SST;KORD,G:\InVivo_SpikeSorting_V1,2021-11-17_12-59-36,Baseline,0,0,A1x32,
K71,S1BF,7,Urethane,SST;KORD,G:\InVivo_SpikeSorting_V1,2021-11-17_13-21-34,WhiskerPairedPulse,0,0,A1x32,
K71,S1BF,7,Urethane,SST;KORD,G:\InVivo_SpikeSorting_V1,2021-11-17_13-40-58,SalB,0,0,A1x32,
K71,S1BF,7,Urethane,SST;KORD,G:\InVivo_SpikeSorting_V1,2021-11-17_14-00-45,Baseline_K,0,0,A1x32,
K71,S1BF,7,Urethane,SST;KORD,G:\InVivo_SpikeSorting_V1,2021-11-17_14-21-22,WhiskerPairedPulse_K,0,0,A1x32,
K72,S1BF,7,Urethane,SST;KORD,G:\InVivo_SpikeSorting_V1,2021-11-17_16-05-48,Baseline,0,0,A1x32,
K72,S1BF,7,Urethane,SST;KORD,G:\InVivo_SpikeSorting_V1,2021-11-17_16-33-20,WhiskerPairedPulse,0,0,A1x32,
K72,S1BF,7,Urethane,SST;KORD,G:\InVivo_SpikeSorting_V1,2021-11-17_16-52-15,SalB,0,0,A1x32,
K72,S1BF,7,Urethane,SST;KORD,G:\InVivo_SpikeSorting_V1,2021-11-17_17-14-03,WhiskerPairedPulse_K,0,0,A1x32,
K72,S1BF,7,Urethane,SST;KORD,G:\InVivo_SpikeSorting_V1,2021-11-17_17-33-31,Baseline_K,0,0,A1x32,
K73,S1BF,8,Urethane,SST;KORD,G:\InVivo_SpikeSorting_V1,2021-11-18_12-23-14,Baseline,0,0,A1x32,
K73,S1BF,8,Urethane,SST;KORD,G:\InVivo_SpikeSorting_V1,2021-11-18_12-44-55,WhiskerPairedPulse,0,0,A1x32,
K73,S1BF,8,Urethane,SST;KORD,G:\InVivo_SpikeSorting_V1,2021-11-18_13-03-23,SalB,0,0,A1x32,
K73,S1BF,8,Urethane,SST;KORD,G:\InVivo_SpikeSorting_V1,2021-11-18_13-24-14,Baseline_K,0,0,A1x32,
K73,S1BF,8,Urethane,SST;KORD,G:\InVivo_SpikeSorting_V1,2021-11-18_13-46-30,WhiskerPairedPulse_K,0,0,A1x32,
K74,S1BF,8,Urethane,SST;KORD,G:\InVivo_SpikeSorting_V1,2021-11-18_15-29-03,Baseline,0,0,A1x32,
K74,S1BF,8,Urethane,SST;KORD,G:\InVivo_SpikeSorting_V1,2021-11-18_15-52-23,WhiskerPairedPulse,0,0,A1x32,
K74,S1BF,8,Urethane,SST;KORD,G:\InVivo_SpikeSorting_V1,2021-11-18_16-14-09,SalB,0,0,A1x32,
K74,S1BF,8,Urethane,SST;KORD,G:\InVivo_SpikeSorting_V1,2021-11-18_16-34-23,Baseline_K,0,0,A1x32,
K74,S1BF,8,Urethane,SST;KORD,G:\InVivo_SpikeSorting_V1,2021-11-18_16-54-38,WhiskerPairedPulse_K,0,0,A1x32,
K75,S1BF,12,Urethane,SST;KORD,G:\InVivo_SpikeSorting_V1,2021-11-22_13-11-44,Baseline,0,0,A1x32,
K75,S1BF,12,Urethane,SST;KORD,G:\InVivo_SpikeSorting_V1,2021-11-22_13-33-13,WhiskerPairedPulse,0,0,A1x32,
K75,S1BF,12,Urethane,SST;KORD,G:\InVivo_SpikeSorting_V1,2021-11-22_13-52-20,SalB,0,0,A1x32,
K75,S1BF,12,Urethane,SST;KORD,G:\InVivo_SpikeSorting_V1,2021-11-22_14-25-46,WhiskerPairedPulse_K,0,0,A1x32,
K75,S1BF,12,Urethane,SST;KORD,G:\InVivo_SpikeSorting_V1,2021-11-22_14-44-20,Baseline_K,0,0,A1x32,
K76,S1BF,12,Urethane,SST;KORD,G:\InVivo_SpikeSorting_V1,2021-11-22_16-40-31,Baseline,0,0,A1x32,
K76,S1BF,12,Urethane,SST;KORD,G:\InVivo_SpikeSorting_V1,2021-11-22_17-00-40,WhiskerPairedPulse,0,0,A1x32,
K76,S1BF,12,Urethane,SST;KORD,G:\InVivo_SpikeSorting_V1,2021-11-22_17-14-57,SalB,0,0,A1x32,
K76,S1BF,12,Urethane,SST;KORD,G:\InVivo_SpikeSorting_V1,2021-11-22_17-36-43,Baseline_K,0,0,A1x32,
K76,S1BF,12,Urethane,SST;KORD,G:\InVivo_SpikeSorting_V1,2021-11-22_17-56-49,WhiskerPairedPulse_K,0,0,A1x32,
K80,V1,7,Urethane,SST;KORD,G:\InVivo_SpikeSorting_V1,2021-12-10_12-49-54,Baseline,0,NaN,A1x32,
K80,V1,7,Urethane,SST;KORD,G:\InVivo_SpikeSorting_V1,2021-12-10_13-30-07,VisualFlash,0,NaN,A1x32,
K80,V1,7,Urethane,SST;KORD,G:\InVivo_SpikeSorting_V1,2021-12-10_13-56-14,SalB,0,NaN,A1x32,
K80,V1,7,Urethane,SST;KORD,G:\InVivo_SpikeSorting_V1,2021-12-10_14-16-26,VisualFlash_K,0,NaN,A1x32,
K80,V1,7,Urethane,SST;KORD,G:\InVivo_SpikeSorting_V1,2021-12-10_14-38-28,Baseline_K,0,NaN,A1x32,
K82,V1,10,Urethane,SST;KORD,G:\InVivo_SpikeSorting_V1,2021-12-13_13-27-42,Baseline,0,0,A1x32,
K82,V1,10,Urethane,SST;KORD,G:\InVivo_SpikeSorting_V1,2021-12-13_14-03-39,VisualFlash,0,0,A1x32,
K82,V1,10,Urethane,SST;KORD,G:\InVivo_SpikeSorting_V1,2021-12-13_14-20-06,SalB,0,0,A1x32,
K82,V1,10,Urethane,SST;KORD,G:\InVivo_SpikeSorting_V1,2021-12-13_14-41-50,VisualFlash_K,0,0,A1x32,
K82,V1,10,Urethane,SST;KORD,G:\InVivo_SpikeSorting_V1,2021-12-13_14-58-32,Baseline_K,0,0,A1x32,
K83,V1,10,Urethane,SST;KORD,G:\InVivo_SpikeSorting_V1,2021-12-13_12-59-23,Baseline,0,0,A1x32_Intan32,
K83,V1,10,Urethane,SST;KORD,G:\InVivo_SpikeSorting_V1,2021-12-13_13-50-48,VisualFlash,0,0,A1x32_Intan32,
K83,V1,10,Urethane,SST;KORD,G:\InVivo_SpikeSorting_V1,2021-12-13_14-17-07,SalB,0,0,A1x32_Intan32,
K83,V1,10,Urethane,SST;KORD,G:\InVivo_SpikeSorting_V1,2021-12-13_14-37-27,Baseline_K,0,0,A1x32_Intan32,
K83,V1,10,Urethane,SST;KORD,G:\InVivo_SpikeSorting_V1,2021-12-13_14-58-10,VisualFlash_K,0,0,A1x32_Intan32,
K84,V1,10,Urethane,SST;KORD,G:\InVivo_SpikeSorting_V1,2021-12-13_17-00-46,Baseline,0,0,A1x32,
K84,V1,10,Urethane,SST;KORD,G:\InVivo_SpikeSorting_V1,2021-12-13_17-28-05,VisualFlash,0,0,A1x32,
K84,V1,10,Urethane,SST;KORD,G:\InVivo_SpikeSorting_V1,2021-12-13_17-48-26,SalB,0,0,A1x32,
K84,V1,10,Urethane,SST;KORD,G:\InVivo_SpikeSorting_V1,2021-12-13_18-11-09,Baseline_K,0,0,A1x32,
K84,V1,10,Urethane,SST;KORD,G:\InVivo_SpikeSorting_V1,2021-12-13_18-32-20,VisualFlash_K,0,0,A1x32,
K85,V1,10,Urethane,SST;KORD,G:\InVivo_SpikeSorting_V1,2021-12-13_17-00-39,Baseline,0,0,A1x32_Intan32,
K85,V1,10,Urethane,SST;KORD,G:\InVivo_SpikeSorting_V1,2021-12-13_17-31-32,VisualFlash,0,0,A1x32_Intan32,
K85,V1,10,Urethane,SST;KORD,G:\InVivo_SpikeSorting_V1,2021-12-13_17-55-10,SalB,0,0,A1x32_Intan32,
K85,V1,10,Urethane,SST;KORD,G:\InVivo_SpikeSorting_V1,2021-12-13_18-16-23,VisualFlash_K,0,0,A1x32_Intan32,
K85,V1,10,Urethane,SST;KORD,G:\InVivo_SpikeSorting_V1,2021-12-13_18-38-59,Baseline_K,0,0,A1x32_Intan32,
NK243,S1BF,11,Urethane,Nkx2-1,G:\InVivo_SpikeSorting_V1,2021-10-08_16-37-51,Baseline,0,0,A1x32,
NK243,S1BF,11,Urethane,Nkx2-1,G:\InVivo_SpikeSorting_V1,2021-10-08_17-10-58,Optotagging,0,0,A1x32,
NK243,S1BF,11,Urethane,Nkx2-1,G:\InVivo_SpikeSorting_V1,2021-10-08_17-28-27,WhiskerPairedPulse,0,0,A1x32,
SC148b,S1BF,13,Urethane,SST,G:\InVivo_SpikeSorting_V1,2021-10-22_13-31-23,Baseline,0,0,A1x32,
SC148b,S1BF,13,Urethane,SST,G:\InVivo_SpikeSorting_V1,2021-10-22_14-05-54,Optotagging,0,0,A1x32,
SC148b,S1BF,13,Urethane,SST,G:\InVivo_SpikeSorting_V1,2021-10-22_14-25-17,WhiskerPairedPulse,0,0,A1x32,
WT1,V1,17,Urethane,SST,G:\InVivo_SpikeSorting_V1,2019-10-10_13-09-01,Baseline,0,NaN,A1x32,
WT1,V1,17,Urethane,SST,G:\InVivo_SpikeSorting_V1,2019-10-10_13-30-31,VisualFlash,0,NaN,A1x32,
WT1,V1,17,Urethane,SST,G:\InVivo_SpikeSorting_V1,2019-10-10_13-45-45,VisualFlash_Opto,0,NaN,A1x32,
WT1,V1,17,Urethane,SST,G:\InVivo_SpikeSorting_V1,2019-10-10_14-03-50,VisualFlash_Opto,0,NaN,A1x32,
NTV1,V1,15,Urethane,NTSR1,G:\InVivo_SpikeSorting_V1,2021-09-28_13-32-08,Baseline,1,1,A1x32,
NTV1,V1,15,Urethane,NTSR1,G:\InVivo_SpikeSorting_V1,2021-09-28_13-55-35,Failed,1,1,A1x32,
NTV1,V1,15,Urethane,NTSR1,G:\InVivo_SpikeSorting_V1,2021-09-28_14-13-50,Optotagging,1,1,A1x32,
NTV1,V1,15,Urethane,NTSR1,G:\InVivo_SpikeSorting_V1,2021-09-28_14-30-54,VisualFlash_Opto,1,1,A1x32,
NTV3,V1,15,Urethane,NTSR1,G:\InVivo_SpikeSorting_V1,2021-09-28_16-44-27,Baseline,0,0,A1x32,
NTV3,V1,15,Urethane,NTSR1,G:\InVivo_SpikeSorting_V1,2021-09-28_17-06-32,Optotagging,0,0,A1x32,
NTV3,V1,15,Urethane,NTSR1,G:\InVivo_SpikeSorting_V1,2021-09-28_17-15-20,VisualFlash_Opto,0,0,A1x32,
NTV5,V1,9,Awake,WT,G:\InVivo_SpikeSorting_V1,2021-10-15_12-14-08,Baseline,NaN,NaN,A1x32,
NTV5,V1,9,Awake,WT,G:\InVivo_SpikeSorting_V1,2021-10-15_12-47-26,VisualFlash,NaN,NaN,A1x32,
NTV7,V1,9,Awake,WT,G:\InVivo_SpikeSorting_V1,2021-10-15_15-09-26,Baseline,0,0,A1x32,
NTV7,V1,9,Awake,WT,G:\InVivo_SpikeSorting_V1,2021-10-15_15-38-41,VisualFlash,0,0,A1x32,
NTV9,V1,12,Awake,NTSR1,G:\InVivo_SpikeSorting_V1,2021-10-18_14-29-21,Baseline,0,0,A1x32,
NTV9,V1,12,Awake,NTSR1,G:\InVivo_SpikeSorting_V1,2021-10-18_14-53-25,Optotagging,0,0,A1x32,
NTV9,V1,12,Awake,NTSR1,G:\InVivo_SpikeSorting_V1,2021-10-18_15-28-33,VisualFlash_Opto,0,0,A1x32,
NTV10,V1,18,Urethane,WT,G:\InVivo_SpikeSorting_V1,2021-10-25_12-36-14\Record Node 103,Baseline,0,0,A1x32_NH,
NTV10,V1,18,Urethane,WT,G:\InVivo_SpikeSorting_V1,2021-10-25_13-13-04\Record Node 103,VisualFlash,0,0,A1x32_NH,
NTV10,V1,18,Urethane,WT,G:\InVivo_SpikeSorting_V1,2021-10-25_13-32-36\Record Node 103,Optotagging,0,0,A1x32_NH,
NTV11,V1,18,Urethane,NTSR1,G:\InVivo_SpikeSorting_V1,2021-10-25_13-04-36,Baseline,0,0,OA1x32,
NTV11,V1,18,Urethane,NTSR1,G:\InVivo_SpikeSorting_V1,2021-10-25_13-33-42,Failed,0,0,OA1x32,
NTV11,V1,18,Urethane,NTSR1,G:\InVivo_SpikeSorting_V1,2021-10-25_13-50-54,VisualFlash_Opto,0,0,OA1x32,
NTV11,V1,18,Urethane,NTSR1,G:\InVivo_SpikeSorting_V1,2021-10-25_14-38-20,Optotagging,0,0,OA1x32,
NTV12v,V1,18,Urethane,WT,G:\InVivo_SpikeSorting_V1,2021-10-25_15-56-01\Record Node 104,Baseline,0,NaN,OA1x32,
NTV12v,V1,18,Urethane,WT,G:\InVivo_SpikeSorting_V1,2021-10-25_16-21-07\Record Node 104,Baseline,0,NaN,OA1x32,
NTV12v,V1,18,Urethane,WT,G:\InVivo_SpikeSorting_V1,2021-10-25_16-43-53\Record Node 104,VisualFlash,0,NaN,OA1x32,
NTV12v,V1,18,Urethane,WT,G:\InVivo_SpikeSorting_V1,2021-10-25_17-02-48\Record Node 104,Optotagging,0,NaN,OA1x32,
NTV12w,S1BF,18,Urethane,WT,G:\InVivo_SpikeSorting_V1,2021-10-25_15-56-01\Record Node 107,Baseline,0,NaN,A1x32_NH,
NTV12w,S1BF,18,Urethane,WT,G:\InVivo_SpikeSorting_V1,2021-10-25_16-21-07\Record Node 107,WhiskerPairedPulse,0,NaN,A1x32_NH,
NTV12w,S1BF,18,Urethane,WT,G:\InVivo_SpikeSorting_V1,2021-10-25_16-43-53\Record Node 107,Baseline,0,NaN,A1x32_NH,
NTV12w,S1BF,18,Urethane,WT,G:\InVivo_SpikeSorting_V1,2021-10-25_17-02-48\Record Node 107,Optotagging,0,NaN,A1x32_NH,
NTV13,V1,18,Urethane,NTSR1,G:\InVivo_SpikeSorting_V1,2021-10-25_16-33-39,Baseline,0,0,OA1x32,
NTV13,V1,18,Urethane,NTSR1,G:\InVivo_SpikeSorting_V1,2021-10-25_17-03-47,Optotagging,0,0,OA1x32,
NTV13,V1,18,Urethane,NTSR1,G:\InVivo_SpikeSorting_V1,2021-10-25_17-22-13,VisualFlash_Opto,0,0,OA1x32,
NTV17,V1,10,Awake,NTSR1,G:\InVivo_SpikeSorting_V1,2021-11-11_11-50-23,Baseline,0,0,OA1x32,
NTV17,V1,10,Awake,NTSR1,G:\InVivo_SpikeSorting_V1,2021-11-11_12-21-19,Optotagging,0,0,OA1x32,
NTV17,V1,10,Awake,NTSR1,G:\InVivo_SpikeSorting_V1,2021-11-11_12-40-23,VisualFlash_Opto,0,0,OA1x32,
NTV19,V1,10,Awake,NTSR1,G:\InVivo_SpikeSorting_V1,2021-11-11_15-06-00,Baseline,0,0,OA1x32,
NTV19,V1,10,Awake,NTSR1,G:\InVivo_SpikeSorting_V1,2021-11-11_15-46-39,Optotagging,0,0,OA1x32,
NTV19,V1,10,Awake,NTSR1,G:\InVivo_SpikeSorting_V1,2021-11-11_16-22-18,VisualFlash_Opto,0,0,OA1x32,
NTV20,V1,11,Awake,WT,G:\InVivo_SpikeSorting_V1,2021-11-12_11-57-13,Baseline,0,0,OA1x32,
NTV20,V1,11,Awake,WT,G:\InVivo_SpikeSorting_V1,2021-11-12_12-17-32,VisualFlash_Opto,0,0,OA1x32,
NTV23,V1,11,Awake,WT,G:\InVivo_SpikeSorting_V1,2021-11-12_15-08-10,Baseline,0,0,A1x32,
NTV23,V1,11,Awake,WT,G:\InVivo_SpikeSorting_V1,2021-11-12_15-44-27,VisualFlash_Opto,0,0,A1x32,
NTV24,V1,18,Urethane,NTSR1,G:\InVivo_SpikeSorting_V1,2021-11-19_13-14-55,Baseline,0,0,A1x32,
NTV24,V1,18,Urethane,NTSR1,G:\InVivo_SpikeSorting_V1,2021-11-19_13-43-26,Optotagging,0,0,A1x32,
NTV24,V1,18,Urethane,NTSR1,G:\InVivo_SpikeSorting_V1,2021-11-19_14-01-58,VisualFlash_Opto,0,0,A1x32,
K86,V1,14,Urethane,SST;KORD,G:\InVivo_SpikeSorting_V1,2021-12-17_14-29-15\Record Node 107,Baseline,0,0,A1x32_Intan32,
K86,V1,14,Urethane,SST;KORD,G:\InVivo_SpikeSorting_V1,2021-12-17_15-16-52\Record Node 107,VisualFlash,0,0,A1x32_Intan32,
K86,V1,14,Urethane,SST;KORD,G:\InVivo_SpikeSorting_V1,2021-12-17_15-41-25\Record Node 107,SalB,0,0,A1x32_Intan32,
K86,V1,14,Urethane,SST;KORD,G:\InVivo_SpikeSorting_V1,2021-12-17_16-01-36\Record Node 107,Baseline_K,0,0,A1x32_Intan32,
K86,V1,14,Urethane,SST;KORD,G:\InVivo_SpikeSorting_V1,2021-12-17_16-22-01\Record Node 107,VisualFlash_K,0,0,A1x32_Intan32,
NTV6,V1,9,Awake,WT,G:\InVivo_SpikeSorting_V1,2021-10-15_13-01-35\Record Node 103,Baseline,0,0,A1x32_NH,
NTV6,V1,9,Awake,WT,G:\InVivo_SpikeSorting_V1,2021-10-15_13-45-53\Record Node 103,VisualFlash_Opto,0,0,A1x32_NH,
NTV14,V1,9,Awake,WT,G:\InVivo_SpikeSorting_V1,2021-11-10_13-23-54\Record Node 103,Optotagging,0,NaN,A1x32,
NTV14,V1,9,Awake,WT,G:\InVivo_SpikeSorting_V1,2021-11-10_13-47-29\Record Node 103,VisualFlash_Opto,0,NaN,A1x32,
NTV14,V1,9,Awake,WT,G:\InVivo_SpikeSorting_V1,2021-11-10_14-39-48\Record Node 103,VisualFlash,0,NaN,A1x32,
NTV16,V1,10,Awake,WT,G:\InVivo_SpikeSorting_V1,2021-11-11_11-20-50\Record Node 103,Baseline,0,0,A1x32,
NTV16,V1,10,Awake,WT,G:\InVivo_SpikeSorting_V1,2021-11-11_12-04-24\Record Node 103,VisualFlash_Opto,0,0,A1x32,
NTV18,V1,10,Awake,NTSR1,G:\InVivo_SpikeSorting_V1,2021-11-11_15-07-04\Record Node 103,Baseline,0,NaN,A1x32,
NTV18,V1,10,Awake,NTSR1,G:\InVivo_SpikeSorting_V1,2021-11-11_16-05-45\Record Node 103,Optotagging,0,NaN,A1x32,
NTV18,V1,10,Awake,NTSR1,G:\InVivo_SpikeSorting_V1,2021-11-11_16-25-04\Record Node 103,VisualFlash_Opto,0,NaN,A1x32,
NTV22,V1,11,Awake,NTSR1,G:\InVivo_SpikeSorting_V1,2021-11-12_14-45-31\Record Node 103,Baseline,0,0,A1x32,
NTV22,V1,11,Awake,NTSR1,G:\InVivo_SpikeSorting_V1,2021-11-12_15-38-19\Record Node 103,Optotagging,0,0,A1x32,
NTV22,V1,11,Awake,NTSR1,G:\InVivo_SpikeSorting_V1,2021-11-12_16-04-45\Record Node 103,VisualFlash_Opto,0,0,A1x32,
SC99b,V1,9,Awake,WT,G:\InVivo_SpikeSorting_V1,2021-10-27_12-21-54,Baseline,0,0,A1x32,
SC99b,V1,9,Awake,WT,G:\InVivo_SpikeSorting_V1,2021-10-27_13-24-04,VisualFlash_Opto,0,0,A1x32,
SC100b,V1,7,Awake,SST,G:\InVivo_SpikeSorting_V1,2021-11-03_11-40-50,Baseline,0,0,OA1x32,
SC100b,V1,7,Awake,SST,G:\InVivo_SpikeSorting_V1,2021-11-03_12-38-52,Optotagging,0,0,OA1x32,
SC100b,V1,7,Awake,SST,G:\InVivo_SpikeSorting_V1,2021-11-03_13-00-05,VisualFlash_Opto,0,0,OA1x32,
SC101b,V1,7,Awake,SST,G:\InVivo_SpikeSorting_V1,2021-11-03_15-58-45,Baseline,0,0,OA1x32,
SC101b,V1,7,Awake,SST,G:\InVivo_SpikeSorting_V1,2021-11-03_16-52-43,Optotagging,0,0,OA1x32,
SC101b,V1,7,Awake,SST,G:\InVivo_SpikeSorting_V1,2021-11-03_17-15-09,VisualFlash_Opto,0,0,OA1x32,
SC102b,V1,8,Awake,SST,G:\InVivo_SpikeSorting_V1,2021-11-04_12-24-20,Baseline,0,0,OA1x32,
SC102b,V1,8,Awake,SST,G:\InVivo_SpikeSorting_V1,2021-11-04_12-55-44,Optotagging,0,0,OA1x32,
SC102b,V1,8,Awake,SST,G:\InVivo_SpikeSorting_V1,2021-11-04_13-16-58,VisualFlash_Opto,0,0,OA1x32,
SC103b,V1,8,Awake,SST,G:\InVivo_SpikeSorting_V1,2021-11-04_15-31-48,Baseline,0,0,OA1x32,
SC103b,V1,8,Awake,SST,G:\InVivo_SpikeSorting_V1,2021-11-04_16-14-54,Optotagging,0,0,OA1x32,
SC103b,V1,8,Awake,SST,G:\InVivo_SpikeSorting_V1,2021-11-04_16-33-41,VisualFlash_Opto,0,0,OA1x32,
SC104bu,V1,10,Awake,SST,G:\InVivo_SpikeSorting_V1,2021-12-01_12-22-28,Baseline,0,NaN,A1x32_Poly3,
SC104bu,V1,10,Awake,SST,G:\InVivo_SpikeSorting_V1,2021-12-01_12-45-54,Optotagging,0,NaN,A1x32_Poly3,
SC104bu,V1,10,Awake,SST,G:\InVivo_SpikeSorting_V1,2021-12-01_13-03-57,VisualFlash_Opto,0,NaN,A1x32_Poly3,
SC104bl,V1,10,Awake,SST,G:\InVivo_SpikeSorting_V1,2021-12-01_14-35-55,Baseline,0,NaN,A1x32_Poly3,
SC104bl,V1,10,Awake,SST,G:\InVivo_SpikeSorting_V1,2021-12-01_14-56-01,VisualFlash_Opto,0,NaN,A1x32_Poly3,
SC104bl,V1,10,Awake,SST,G:\InVivo_SpikeSorting_V1,2021-12-01_15-37-25,Optotagging,0,NaN,A1x32_Poly3,
SC105b,V1,11,Awake,SST,G:\InVivo_SpikeSorting_V1,2021-12-02_11-21-02,Baseline,0,0,A1x32,
SC105b,V1,11,Awake,SST,G:\InVivo_SpikeSorting_V1,2021-12-02_12-08-03,Optotagging,0,0,A1x32,
SC105b,V1,11,Awake,SST,G:\InVivo_SpikeSorting_V1,2021-12-02_12-26-33,VisualFlash_Opto,0,0,A1x32,
SC105b,V1,11,Awake,SST,G:\InVivo_SpikeSorting_V1,2021-12-02_13-16-13,Baseline,0,0,A1x32,
SC106b,V1,11,Awake,SST,G:\InVivo_SpikeSorting_V1,2021-12-02_15-29-00,Baseline,0,0,A1x32,
SC106b,V1,11,Awake,SST,G:\InVivo_SpikeSorting_V1,2021-12-02_16-17-19,Optotagging,0,0,A1x32,
SC106b,V1,11,Awake,SST,G:\InVivo_SpikeSorting_V1,2021-12-02_16-44-11,VisualFlash_Opto,0,0,A1x32,
K88,V1,18,Urethane,SST;KORD,G:\InVivo_SpikeSorting_V1,2021-12-21_15-47-36\Record Node 107,Baseline,0,0,A1x32_Intan32,
K88,V1,18,Urethane,SST;KORD,G:\InVivo_SpikeSorting_V1,2021-12-21_16-25-07\Record Node 107,VisualFlash,0,0,A1x32_Intan32,
K88,V1,18,Urethane,SST;KORD,G:\InVivo_SpikeSorting_V1,2021-12-21_16-48-42\Record Node 107,SalB,0,0,A1x32_Intan32,
K88,V1,18,Urethane,SST;KORD,G:\InVivo_SpikeSorting_V1,2021-12-21_17-09-47\Record Node 107,Baseline_K,0,0,A1x32_Intan32,
K88,V1,18,Urethane,SST;KORD,G:\InVivo_SpikeSorting_V1,2021-12-21_17-29-57\Record Node 107,VisualFlash_K,0,0,A1x32_Intan32,
K87,V1,18,Urethane,SST;KORD,G:\InVivo_SpikeSorting_V1,2021-12-21_12-33-45\Record Node 107,Baseline,0,0,A1x32_Intan32,
K87,V1,18,Urethane,SST;KORD,G:\InVivo_SpikeSorting_V1,2021-12-21_13-15-14\Record Node 107,VisualFlash,0,0,A1x32_Intan32,
K87,V1,18,Urethane,SST;KORD,G:\InVivo_SpikeSorting_V1,2021-12-21_13-39-55\Record Node 107,SalB,0,0,A1x32_Intan32,
K87,V1,18,Urethane,SST;KORD,G:\InVivo_SpikeSorting_V1,2021-12-21_14-00-03\Record Node 107,VisualFlash_K,0,0,A1x32_Intan32,
K87,V1,18,Urethane,SST;KORD,G:\InVivo_SpikeSorting_V1,2021-12-21_14-22-02\Record Node 107,Baseline_K,0,0,A1x32_Intan32,
